match_date,home_team_name,away_team_name,home_team_score,away_team_score,year,home_rank,home_score,away_rank,away_score,home_n_participation,away_n_participation,home_winner,draw,away_winner,rank_diff,team_score_diff,score_diff,best_rank_winner
1930-07-13,France,Mexico,4,1,1930,35.0,1566.0,41.0,1497.0,0,0,1,0,0,-6.0,3,69.0,1
1930-07-13,United States,Belgium,3,0,1930,14.0,1762.0,31.0,1593.0,0,0,1,0,0,-17.0,3,169.0,1
1930-07-14,Yugoslavia,Brazil,2,1,1930,25.0,1658.0,9.0,1890.0,0,0,1,0,0,16.0,1,-232.0,0
1930-07-14,Romania,Peru,3,1,1930,37.0,1544.0,42.0,1496.0,0,0,1,0,0,-5.0,2,48.0,1
1930-07-15,Argentina,France,1,0,1930,1.0,2062.0,35.0,1566.0,0,0,1,0,0,-34.0,1,496.0,1
1930-07-16,Chile,Mexico,3,0,1930,26.0,1647.0,41.0,1497.0,0,0,1,0,0,-15.0,3,150.0,1
1930-07-17,Yugoslavia,Bolivia,4,0,1930,25.0,1658.0,63.0,1244.0,0,0,1,0,0,-38.0,4,414.0,1
1930-07-17,United States,Paraguay,3,0,1930,14.0,1762.0,16.0,1742.0,0,0,1,0,0,-2.0,3,20.0,1
1930-07-18,Uruguay,Peru,1,0,1930,2.0,2037.0,42.0,1496.0,0,0,1,0,0,-40.0,1,541.0,1
1930-07-19,Chile,France,1,0,1930,26.0,1647.0,35.0,1566.0,0,0,1,0,0,-9.0,1,81.0,1
1930-07-19,Argentina,Mexico,6,3,1930,1.0,2062.0,41.0,1497.0,0,0,1,0,0,-40.0,3,565.0,1
1930-07-20,Brazil,Bolivia,4,0,1930,9.0,1890.0,63.0,1244.0,0,0,1,0,0,-54.0,4,646.0,1
1930-07-20,Paraguay,Belgium,1,0,1930,16.0,1742.0,31.0,1593.0,0,0,1,0,0,-15.0,1,149.0,1
1930-07-21,Uruguay,Romania,4,0,1930,2.0,2037.0,37.0,1544.0,0,0,1,0,0,-35.0,4,493.0,1
1930-07-22,Argentina,Chile,3,1,1930,1.0,2062.0,26.0,1647.0,0,0,1,0,0,-25.0,2,415.0,1
1930-07-26,Argentina,United States,6,1,1930,1.0,2062.0,14.0,1762.0,0,0,1,0,0,-13.0,5,300.0,1
1930-07-27,Uruguay,Yugoslavia,6,1,1930,2.0,2037.0,25.0,1658.0,0,0,1,0,0,-23.0,5,379.0,1
1930-07-30,Uruguay,Argentina,4,2,1930,2.0,2037.0,1.0,2062.0,0,0,1,0,0,1.0,2,-25.0,0
1934-05-27,Austria,France,3,2,1934,6.0,1956.0,29.0,1624.0,0,1,1,0,0,-23.0,1,332.0,1
1934-05-27,Czechoslovakia,Romania,2,1,1934,7.0,1906.0,28.0,1625.0,0,1,1,0,0,-21.0,1,281.0,1
1934-05-27,Germany,Belgium,5,2,1934,9.0,1878.0,40.0,1529.0,0,1,1,0,0,-31.0,3,349.0,1
1934-05-27,Hungary,Egypt,4,2,1934,8.0,1881.0,22.0,1684.0,0,0,1,0,0,-14.0,2,197.0,1
1934-05-27,Italy,United States,7,1,1934,1.0,2043.0,13.0,1759.0,0,1,1,0,0,-12.0,6,284.0,1
1934-05-27,Spain,Brazil,3,1,1934,4.0,1968.0,10.0,1863.0,0,1,1,0,0,-6.0,2,105.0,1
1934-05-27,Sweden,Argentina,3,2,1934,14.0,1756.0,2.0,2021.0,0,1,1,0,0,12.0,1,-265.0,0
1934-05-27,Switzerland,Netherlands,3,2,1934,30.0,1623.0,20.0,1686.0,0,0,1,0,0,10.0,1,-63.0,0
1934-05-31,Austria,Hungary,2,1,1934,6.0,1956.0,8.0,1881.0,0,0,1,0,0,-2.0,1,75.0,1
1934-05-31,Czechoslovakia,Switzerland,3,2,1934,7.0,1906.0,30.0,1623.0,0,0,1,0,0,-23.0,1,283.0,1
1934-05-31,Germany,Sweden,2,1,1934,9.0,1878.0,14.0,1756.0,0,0,1,0,0,-5.0,1,122.0,1
1934-05-31,Italy,Spain,1,1,1934,1.0,2043.0,4.0,1968.0,0,0,0,1,0,-3.0,0,75.0,0
1934-06-01,Italy,Spain,1,0,1934,1.0,2043.0,4.0,1968.0,0,0,1,0,0,-3.0,1,75.0,1
1934-06-03,Czechoslovakia,Germany,3,1,1934,7.0,1906.0,9.0,1878.0,0,0,1,0,0,-2.0,2,28.0,1
1934-06-03,Italy,Austria,1,0,1934,1.0,2043.0,6.0,1956.0,0,0,1,0,0,-5.0,1,87.0,1
1934-06-07,Germany,Austria,3,2,1934,9.0,1878.0,6.0,1956.0,0,0,1,0,0,3.0,1,-78.0,0
1934-06-10,Italy,Czechoslovakia,2,1,1934,1.0,2043.0,7.0,1906.0,0,0,1,0,0,-6.0,1,137.0,1
1938-06-04,Switzerland,Germany,1,1,1938,18.0,1709.0,14.0,1772.0,1,1,0,1,0,4.0,0,-63.0,0
1938-06-05,Cuba,Romania,3,3,1938,43.0,1517.0,44.0,1516.0,0,2,0,1,0,-1.0,0,1.0,0
1938-06-05,France,Belgium,3,1,1938,29.0,1639.0,40.0,1541.0,2,2,1,0,0,-11.0,2,98.0,1
1938-06-05,Hungary,Dutch East Indies,6,0,1938,5.0,1940.0,,,1,0,1,0,0,,6,,0
1938-06-05,Italy,Norway,2,1,1938,1.0,2124.0,16.0,1737.0,1,0,1,0,0,-15.0,1,387.0,1
1938-06-05,Brazil,Poland,6,5,1938,7.0,1936.0,37.0,1593.0,2,0,1,0,0,-30.0,1,343.0,1
1938-06-05,Czechoslovakia,Netherlands,3,0,1938,10.0,1860.0,22.0,1677.0,1,1,1,0,0,-12.0,3,183.0,1
1938-06-09,Cuba,Romania,2,1,1938,43.0,1517.0,44.0,1516.0,0,2,1,0,0,-1.0,1,1.0,1
1938-06-09,Switzerland,Germany,4,2,1938,18.0,1709.0,14.0,1772.0,1,1,1,0,0,4.0,2,-63.0,0
1938-06-12,Brazil,Czechoslovakia,1,1,1938,7.0,1936.0,10.0,1860.0,2,1,0,1,0,-3.0,0,76.0,0
1938-06-12,Hungary,Switzerland,2,0,1938,5.0,1940.0,18.0,1709.0,1,1,1,0,0,-13.0,2,231.0,1
1938-06-12,Italy,France,3,1,1938,1.0,2124.0,29.0,1639.0,1,2,1,0,0,-28.0,2,485.0,1
1938-06-12,Sweden,Cuba,8,0,1938,25.0,1654.0,43.0,1517.0,1,0,1,0,0,-18.0,8,137.0,1
1938-06-14,Brazil,Czechoslovakia,2,1,1938,7.0,1936.0,10.0,1860.0,2,1,1,0,0,-3.0,1,76.0,1
1938-06-16,Hungary,Sweden,5,1,1938,5.0,1940.0,25.0,1654.0,1,1,1,0,0,-20.0,4,286.0,1
1938-06-16,Italy,Brazil,2,1,1938,1.0,2124.0,7.0,1936.0,1,2,1,0,0,-6.0,1,188.0,1
1938-06-19,Brazil,Sweden,4,2,1938,7.0,1936.0,25.0,1654.0,2,1,1,0,0,-18.0,2,282.0,1
1938-06-19,Italy,Hungary,4,2,1938,1.0,2124.0,5.0,1940.0,1,1,1,0,0,-4.0,2,184.0,1
1950-06-24,Brazil,Mexico,4,0,1950,2.0,2014.0,22.0,1717.0,3,1,1,0,0,-20.0,4,297.0,1
1950-06-25,Yugoslavia,Switzerland,3,0,1950,10.0,1881.0,16.0,1755.0,1,2,1,0,0,-6.0,3,126.0,1
1950-06-25,England,Chile,2,0,1950,3.0,1991.0,29.0,1638.0,0,1,1,0,0,-26.0,2,353.0,1
1950-06-25,Spain,United States,3,1,1950,12.0,1868.0,44.0,1556.0,1,2,1,0,0,-32.0,2,312.0,1
1950-06-25,Sweden,Italy,3,2,1950,7.0,1935.0,4.0,1976.0,2,2,1,0,0,3.0,1,-41.0,0
1950-06-28,Brazil,Switzerland,2,2,1950,2.0,2014.0,16.0,1755.0,3,2,0,1,0,-14.0,0,259.0,0
1950-06-28,Yugoslavia,Mexico,4,1,1950,10.0,1881.0,22.0,1717.0,1,1,1,0,0,-12.0,3,164.0,1
1950-06-29,Spain,Chile,2,0,1950,12.0,1868.0,29.0,1638.0,1,1,1,0,0,-17.0,2,230.0,1
1950-06-29,United States,England,1,0,1950,44.0,1556.0,3.0,1991.0,2,0,1,0,0,41.0,1,-435.0,0
1950-06-29,Sweden,Paraguay,2,2,1950,7.0,1935.0,13.0,1848.0,2,1,0,1,0,-6.0,0,87.0,0
1950-07-01,Brazil,Yugoslavia,2,0,1950,2.0,2014.0,10.0,1881.0,3,1,1,0,0,-8.0,2,133.0,1
1950-07-02,Chile,United States,5,2,1950,29.0,1638.0,44.0,1556.0,1,2,1,0,0,-15.0,3,82.0,1
1950-07-02,Spain,England,1,0,1950,12.0,1868.0,3.0,1991.0,1,0,1,0,0,9.0,1,-123.0,0
1950-07-02,Italy,Paraguay,2,0,1950,4.0,1976.0,13.0,1848.0,2,1,1,0,0,-9.0,2,128.0,1
1950-07-02,Uruguay,Bolivia,8,0,1950,11.0,1874.0,64.0,1424.0,1,1,1,0,0,-53.0,8,450.0,1
1950-07-02,Switzerland,Mexico,2,1,1950,16.0,1755.0,22.0,1717.0,2,1,1,0,0,-6.0,1,38.0,1
1950-07-09,Brazil,Sweden,7,1,1950,2.0,2014.0,7.0,1935.0,3,2,1,0,0,-5.0,6,79.0,1
1950-07-09,Uruguay,Spain,2,2,1950,11.0,1874.0,12.0,1868.0,1,1,0,1,0,-1.0,0,6.0,0
1950-07-13,Brazil,Spain,6,1,1950,2.0,2014.0,12.0,1868.0,3,1,1,0,0,-10.0,5,146.0,1
1950-07-13,Uruguay,Sweden,3,2,1950,11.0,1874.0,7.0,1935.0,1,2,1,0,0,4.0,1,-61.0,0
1950-07-16,Sweden,Spain,3,1,1950,7.0,1935.0,12.0,1868.0,2,1,1,0,0,-5.0,2,67.0,1
1950-07-16,Uruguay,Brazil,2,1,1950,11.0,1874.0,2.0,2014.0,1,3,1,0,0,9.0,1,-140.0,0
1954-06-16,Brazil,Mexico,5,0,1954,4.0,2010.0,27.0,1655.0,4,2,1,0,0,-23.0,5,355.0,1
1954-06-16,Yugoslavia,France,1,0,1954,8.0,1937.0,13.0,1802.0,2,3,1,0,0,-5.0,1,135.0,1
1954-06-16,Austria,Scotland,1,0,1954,6.0,1946.0,13.0,1802.0,1,0,1,0,0,-7.0,1,144.0,1
1954-06-16,Uruguay,Czechoslovakia,2,0,1954,7.0,1940.0,24.0,1684.0,2,2,1,0,0,-17.0,2,256.0,1
1954-06-17,Switzerland,Italy,2,1,1954,20.0,1722.0,10.0,1848.0,3,3,1,0,0,10.0,1,-126.0,0
1954-06-17,Hungary,South Korea,9,0,1954,1.0,2192.0,45.0,1587.0,2,0,1,0,0,-44.0,9,605.0,1
1954-06-17,West Germany,Turkey,4,1,1954,3.0,2037.0,30.0,1653.0,0,0,1,0,0,-27.0,3,384.0,1
1954-06-17,England,Belgium,4,4,1954,5.0,1997.0,15.0,1780.0,1,3,0,1,0,-10.0,0,217.0,0
1954-06-19,Uruguay,Scotland,7,0,1954,7.0,1940.0,13.0,1802.0,2,0,1,0,0,-6.0,7,138.0,1
1954-06-19,Brazil,Yugoslavia,1,1,1954,4.0,2010.0,8.0,1937.0,4,2,0,1,0,-4.0,0,73.0,0
1954-06-19,Austria,Czechoslovakia,5,0,1954,6.0,1946.0,24.0,1684.0,1,2,1,0,0,-18.0,5,262.0,1
1954-06-19,France,Mexico,3,2,1954,13.0,1802.0,27.0,1655.0,3,2,1,0,0,-14.0,1,147.0,1
1954-06-20,Hungary,West Germany,8,3,1954,1.0,2192.0,3.0,2037.0,2,0,1,0,0,-2.0,5,155.0,1
1954-06-20,Turkey,South Korea,7,0,1954,30.0,1653.0,45.0,1587.0,0,0,1,0,0,-15.0,7,66.0,1
1954-06-20,Italy,Belgium,4,1,1954,10.0,1848.0,15.0,1780.0,3,3,1,0,0,-5.0,3,68.0,1
1954-06-20,England,Switzerland,2,0,1954,5.0,1997.0,20.0,1722.0,1,3,1,0,0,-15.0,2,275.0,1
1954-06-23,West Germany,Turkey,7,2,1954,3.0,2037.0,30.0,1653.0,0,0,1,0,0,-27.0,5,384.0,1
1954-06-23,Switzerland,Italy,4,1,1954,20.0,1722.0,10.0,1848.0,3,3,1,0,0,10.0,3,-126.0,0
1954-06-26,Austria,Switzerland,7,5,1954,6.0,1946.0,20.0,1722.0,1,3,1,0,0,-14.0,2,224.0,1
1954-06-26,Uruguay,England,4,2,1954,7.0,1940.0,5.0,1997.0,2,1,1,0,0,2.0,2,-57.0,0
1954-06-27,Hungary,Brazil,4,2,1954,1.0,2192.0,4.0,2010.0,2,4,1,0,0,-3.0,2,182.0,1
1954-06-27,West Germany,Yugoslavia,2,0,1954,3.0,2037.0,8.0,1937.0,0,2,1,0,0,-5.0,2,100.0,1
1954-06-30,Hungary,Uruguay,4,2,1954,1.0,2192.0,7.0,1940.0,2,2,1,0,0,-6.0,2,252.0,1
1954-06-30,West Germany,Austria,6,1,1954,3.0,2037.0,6.0,1946.0,0,1,1,0,0,-3.0,5,91.0,1
1954-07-03,Austria,Uruguay,3,1,1954,6.0,1946.0,7.0,1940.0,1,2,1,0,0,-1.0,2,6.0,1
1954-07-04,West Germany,Hungary,3,2,1954,3.0,2037.0,1.0,2192.0,0,2,1,0,0,2.0,1,-155.0,0
1958-06-08,Sweden,Mexico,3,0,1958,8.0,1901.0,28.0,1719.0,3,3,1,0,0,-20.0,3,182.0,1
1958-06-08,Argentina,West Germany,1,3,1958,6.0,1920.0,11.0,1866.0,2,1,0,0,1,-5.0,-2,54.0,0
1958-06-08,Northern Ireland,Czechoslovakia,1,0,1958,20.0,1773.0,12.0,1860.0,0,3,1,0,0,8.0,1,-87.0,0
1958-06-08,France,Paraguay,7,3,1958,4.0,1936.0,21.0,1762.0,4,2,1,0,0,-17.0,4,174.0,1
1958-06-08,Yugoslavia,Scotland,1,1,1958,9.0,1898.0,16.0,1805.0,3,1,0,1,0,-7.0,0,93.0,0
1958-06-08,Hungary,Wales,1,1,1958,2.0,1968.0,22.0,1759.0,3,0,0,1,0,-20.0,0,209.0,0
1958-06-08,Brazil,Austria,3,0,1958,1.0,2140.0,14.0,1819.0,5,2,1,0,0,-13.0,3,321.0,1
1958-06-08,Soviet Union,England,2,2,1958,5.0,1923.0,3.0,1946.0,0,2,0,1,0,2.0,0,-23.0,0
1958-06-11,Argentina,Northern Ireland,3,1,1958,6.0,1920.0,20.0,1773.0,2,0,1,0,0,-14.0,2,147.0,1
1958-06-11,West Germany,Czechoslovakia,2,2,1958,11.0,1866.0,12.0,1860.0,1,3,0,1,0,-1.0,0,6.0,0
1958-06-11,Paraguay,Scotland,3,2,1958,21.0,1762.0,16.0,1805.0,2,1,1,0,0,5.0,1,-43.0,0
1958-06-11,Yugoslavia,France,3,2,1958,9.0,1898.0,4.0,1936.0,3,4,1,0,0,5.0,1,-38.0,0
1958-06-11,Mexico,Wales,1,1,1958,28.0,1719.0,22.0,1759.0,3,0,0,1,0,6.0,0,-40.0,0
1958-06-11,Brazil,England,0,0,1958,1.0,2140.0,3.0,1946.0,5,2,0,1,0,-2.0,0,194.0,0
1958-06-11,Soviet Union,Austria,2,0,1958,5.0,1923.0,14.0,1819.0,0,2,1,0,0,-9.0,2,104.0,1
1958-06-12,Sweden,Hungary,2,1,1958,8.0,1901.0,2.0,1968.0,3,3,1,0,0,6.0,1,-67.0,0
1958-06-15,Sweden,Wales,0,0,1958,8.0,1901.0,22.0,1759.0,3,0,0,1,0,-14.0,0,142.0,0
1958-06-15,Czechoslovakia,Argentina,6,1,1958,12.0,1860.0,6.0,1920.0,3,2,1,0,0,6.0,5,-60.0,0
1958-06-15,West Germany,Northern Ireland,2,2,1958,11.0,1866.0,20.0,1773.0,1,0,0,1,0,-9.0,0,93.0,0
1958-06-15,France,Scotland,2,1,1958,4.0,1936.0,16.0,1805.0,4,1,1,0,0,-12.0,1,131.0,1
1958-06-15,Paraguay,Yugoslavia,3,3,1958,21.0,1762.0,9.0,1898.0,2,3,0,1,0,12.0,0,-136.0,0
1958-06-15,Hungary,Mexico,4,0,1958,2.0,1968.0,28.0,1719.0,3,3,1,0,0,-26.0,4,249.0,1
1958-06-15,Brazil,Soviet Union,2,0,1958,1.0,2140.0,5.0,1923.0,5,0,1,0,0,-4.0,2,217.0,1
1958-06-15,England,Austria,2,2,1958,3.0,1946.0,14.0,1819.0,2,2,0,1,0,-11.0,0,127.0,0
1958-06-17,Northern Ireland,Czechoslovakia,2,1,1958,20.0,1773.0,12.0,1860.0,0,3,1,0,0,8.0,1,-87.0,0
1958-06-17,Wales,Hungary,2,1,1958,22.0,1759.0,2.0,1968.0,0,3,1,0,0,20.0,1,-209.0,0
1958-06-17,Soviet Union,England,1,0,1958,5.0,1923.0,3.0,1946.0,0,2,1,0,0,2.0,1,-23.0,0
1958-06-19,Brazil,Wales,1,0,1958,1.0,2140.0,22.0,1759.0,5,0,1,0,0,-21.0,1,381.0,1
1958-06-19,France,Northern Ireland,4,0,1958,4.0,1936.0,20.0,1773.0,4,0,1,0,0,-16.0,4,163.0,1
1958-06-19,Sweden,Soviet Union,2,0,1958,8.0,1901.0,5.0,1923.0,3,0,1,0,0,3.0,2,-22.0,0
1958-06-19,West Germany,Yugoslavia,1,0,1958,11.0,1866.0,9.0,1898.0,1,3,1,0,0,2.0,1,-32.0,0
1958-06-24,Brazil,France,5,2,1958,1.0,2140.0,4.0,1936.0,5,4,1,0,0,-3.0,3,204.0,1
1958-06-24,Sweden,West Germany,3,1,1958,8.0,1901.0,11.0,1866.0,3,1,1,0,0,-3.0,2,35.0,1
1958-06-28,France,West Germany,6,3,1958,4.0,1936.0,11.0,1866.0,4,1,1,0,0,-7.0,3,70.0,1
1958-06-29,Brazil,Sweden,5,2,1958,1.0,2140.0,8.0,1901.0,5,3,1,0,0,-7.0,3,239.0,1
1962-05-30,Uruguay,Colombia,2,1,1962,14.0,1857.0,81.0,1459.0,3,0,1,0,0,-67.0,1,398.0,1
1962-05-30,Chile,Switzerland,3,1,1962,17.0,1825.0,44.0,1612.0,2,4,1,0,0,-27.0,2,213.0,1
1962-05-30,Brazil,Mexico,2,0,1962,1.0,2193.0,16.0,1845.0,6,4,1,0,0,-15.0,2,348.0,1
1962-05-30,Argentina,Bulgaria,1,0,1962,5.0,1959.0,23.0,1732.0,3,0,1,0,0,-18.0,1,227.0,1
1962-05-31,Soviet Union,Yugoslavia,2,0,1962,2.0,2018.0,7.0,1931.0,1,4,1,0,0,-5.0,2,87.0,1
1962-05-31,West Germany,Italy,0,0,1962,6.0,1935.0,11.0,1893.0,2,4,0,1,0,-5.0,0,42.0,0
1962-05-31,Czechoslovakia,Spain,1,0,1962,4.0,1969.0,10.0,1894.0,4,2,1,0,0,-6.0,1,75.0,1
1962-05-31,Hungary,England,2,1,1962,3.0,1990.0,8.0,1928.0,4,3,1,0,0,-5.0,1,62.0,1
1962-06-02,Yugoslavia,Uruguay,3,1,1962,7.0,1931.0,14.0,1857.0,4,3,1,0,0,-7.0,2,74.0,1
1962-06-02,Chile,Italy,2,0,1962,17.0,1825.0,11.0,1893.0,2,4,1,0,0,6.0,2,-68.0,0
1962-06-02,Brazil,Czechoslovakia,0,0,1962,1.0,2193.0,4.0,1969.0,6,4,0,1,0,-3.0,0,224.0,0
1962-06-02,England,Argentina,3,1,1962,8.0,1928.0,5.0,1959.0,3,3,1,0,0,3.0,2,-31.0,0
1962-06-03,Soviet Union,Colombia,4,4,1962,2.0,2018.0,81.0,1459.0,1,0,0,1,0,-79.0,0,559.0,0
1962-06-03,West Germany,Switzerland,2,1,1962,6.0,1935.0,44.0,1612.0,2,4,1,0,0,-38.0,1,323.0,1
1962-06-03,Spain,Mexico,1,0,1962,10.0,1894.0,16.0,1845.0,2,4,1,0,0,-6.0,1,49.0,1
1962-06-03,Hungary,Bulgaria,6,1,1962,3.0,1990.0,23.0,1732.0,4,0,1,0,0,-20.0,5,258.0,1
1962-06-06,Soviet Union,Uruguay,2,1,1962,2.0,2018.0,14.0,1857.0,1,3,1,0,0,-12.0,1,161.0,1
1962-06-06,West Germany,Chile,2,0,1962,6.0,1935.0,17.0,1825.0,2,2,1,0,0,-11.0,2,110.0,1
1962-06-06,Brazil,Spain,2,1,1962,1.0,2193.0,10.0,1894.0,6,2,1,0,0,-9.0,1,299.0,1
1962-06-06,Hungary,Argentina,0,0,1962,3.0,1990.0,5.0,1959.0,4,3,0,1,0,-2.0,0,31.0,0
1962-06-07,Yugoslavia,Colombia,5,0,1962,7.0,1931.0,81.0,1459.0,4,0,1,0,0,-74.0,5,472.0,1
1962-06-07,Italy,Switzerland,3,0,1962,11.0,1893.0,44.0,1612.0,4,4,1,0,0,-33.0,3,281.0,1
1962-06-07,Mexico,Czechoslovakia,3,1,1962,16.0,1845.0,4.0,1969.0,4,4,1,0,0,12.0,2,-124.0,0
1962-06-07,England,Bulgaria,0,0,1962,8.0,1928.0,23.0,1732.0,3,0,0,1,0,-15.0,0,196.0,0
1962-06-10,Brazil,England,3,1,1962,1.0,2193.0,8.0,1928.0,6,3,1,0,0,-7.0,2,265.0,1
1962-06-10,Chile,Soviet Union,2,1,1962,17.0,1825.0,2.0,2018.0,2,1,1,0,0,15.0,1,-193.0,0
1962-06-10,Czechoslovakia,Hungary,1,0,1962,4.0,1969.0,3.0,1990.0,4,4,1,0,0,1.0,1,-21.0,0
1962-06-10,Yugoslavia,West Germany,1,0,1962,7.0,1931.0,6.0,1935.0,4,2,1,0,0,1.0,1,-4.0,0
1962-06-13,Brazil,Chile,4,2,1962,1.0,2193.0,17.0,1825.0,6,2,1,0,0,-16.0,2,368.0,1
1962-06-13,Czechoslovakia,Yugoslavia,3,1,1962,4.0,1969.0,7.0,1931.0,4,4,1,0,0,-3.0,2,38.0,1
1962-06-16,Chile,Yugoslavia,1,0,1962,17.0,1825.0,7.0,1931.0,2,4,1,0,0,10.0,1,-106.0,0
1962-06-17,Brazil,Czechoslovakia,3,1,1962,1.0,2193.0,4.0,1969.0,6,4,1,0,0,-3.0,2,224.0,1
1966-07-11,England,Uruguay,0,0,1966,1.0,2088.0,13.0,1846.0,4,4,0,1,0,-12.0,0,242.0,0
1966-07-12,West Germany,Switzerland,5,0,1966,2.0,2042.0,44.0,1602.0,3,5,1,0,0,-42.0,5,440.0,1
1966-07-12,Brazil,Bulgaria,2,0,1966,8.0,1918.0,23.0,1750.0,7,1,1,0,0,-15.0,2,168.0,1
1966-07-12,Soviet Union,North Korea,3,0,1966,5.0,1975.0,15.0,1828.0,2,0,1,0,0,-10.0,3,147.0,1
1966-07-13,France,Mexico,1,1,1966,28.0,1737.0,14.0,1841.0,5,5,0,1,0,14.0,0,-104.0,0
1966-07-13,Argentina,Spain,2,1,1966,4.0,1982.0,10.0,1865.0,4,3,1,0,0,-6.0,1,117.0,1
1966-07-13,Portugal,Hungary,3,1,1966,3.0,1986.0,6.0,1957.0,0,5,1,0,0,-3.0,2,29.0,1
1966-07-13,Italy,Chile,2,0,1966,7.0,1948.0,29.0,1724.0,5,3,1,0,0,-22.0,2,224.0,1
1966-07-15,Uruguay,France,2,1,1966,13.0,1846.0,28.0,1737.0,4,5,1,0,0,-15.0,1,109.0,1
1966-07-15,Spain,Switzerland,2,1,1966,10.0,1865.0,44.0,1602.0,3,5,1,0,0,-34.0,1,263.0,1
1966-07-15,Hungary,Brazil,3,1,1966,6.0,1957.0,8.0,1918.0,5,7,1,0,0,-2.0,2,39.0,1
1966-07-15,Chile,North Korea,1,1,1966,29.0,1724.0,15.0,1828.0,3,0,0,1,0,14.0,0,-104.0,0
1966-07-16,Argentina,West Germany,0,0,1966,4.0,1982.0,2.0,2042.0,4,3,0,1,0,2.0,0,-60.0,0
1966-07-16,Portugal,Bulgaria,3,0,1966,3.0,1986.0,23.0,1750.0,0,1,1,0,0,-20.0,3,236.0,1
1966-07-16,Soviet Union,Italy,1,0,1966,5.0,1975.0,7.0,1948.0,2,5,1,0,0,-2.0,1,27.0,1
1966-07-16,England,Mexico,2,0,1966,1.0,2088.0,14.0,1841.0,4,5,1,0,0,-13.0,2,247.0,1
1966-07-19,Mexico,Uruguay,0,0,1966,14.0,1841.0,13.0,1846.0,5,4,0,1,0,1.0,0,-5.0,0
1966-07-19,Argentina,Switzerland,2,0,1966,4.0,1982.0,44.0,1602.0,4,5,1,0,0,-40.0,2,380.0,1
1966-07-19,Portugal,Brazil,3,1,1966,3.0,1986.0,8.0,1918.0,0,7,1,0,0,-5.0,2,68.0,1
1966-07-19,North Korea,Italy,1,0,1966,15.0,1828.0,7.0,1948.0,0,5,1,0,0,8.0,1,-120.0,0
1966-07-20,England,France,2,0,1966,1.0,2088.0,28.0,1737.0,4,5,1,0,0,-27.0,2,351.0,1
1966-07-20,West Germany,Spain,2,1,1966,2.0,2042.0,10.0,1865.0,3,3,1,0,0,-8.0,1,177.0,1
1966-07-20,Hungary,Bulgaria,3,1,1966,6.0,1957.0,23.0,1750.0,5,1,1,0,0,-17.0,2,207.0,1
1966-07-20,Soviet Union,Chile,2,1,1966,5.0,1975.0,29.0,1724.0,2,3,1,0,0,-24.0,1,251.0,1
1966-07-23,England,Argentina,1,0,1966,1.0,2088.0,4.0,1982.0,4,4,1,0,0,-3.0,1,106.0,1
1966-07-23,Portugal,North Korea,5,3,1966,3.0,1986.0,15.0,1828.0,0,0,1,0,0,-12.0,2,158.0,1
1966-07-23,Soviet Union,Hungary,2,1,1966,5.0,1975.0,6.0,1957.0,2,5,1,0,0,-1.0,1,18.0,1
1966-07-23,West Germany,Uruguay,4,0,1966,2.0,2042.0,13.0,1846.0,3,4,1,0,0,-11.0,4,196.0,1
1966-07-25,West Germany,Soviet Union,2,1,1966,2.0,2042.0,5.0,1975.0,3,2,1,0,0,-3.0,1,67.0,1
1966-07-26,England,Portugal,2,1,1966,1.0,2088.0,3.0,1986.0,4,0,1,0,0,-2.0,1,102.0,1
1966-07-28,Portugal,Soviet Union,2,1,1966,3.0,1986.0,5.0,1975.0,0,2,1,0,0,-2.0,1,11.0,1
1966-07-30,England,West Germany,4,2,1966,1.0,2088.0,2.0,2042.0,4,3,1,0,0,-1.0,2,46.0,1
1970-05-31,Mexico,Soviet Union,0,0,1970,29.0,1730.0,5.0,1962.0,6,3,0,1,0,24.0,0,-232.0,0
1970-06-02,Uruguay,Israel,2,0,1970,9.0,1854.0,39.0,1668.0,5,0,1,0,0,-30.0,2,186.0,1
1970-06-02,England,Romania,1,0,1970,2.0,2039.0,18.0,1804.0,5,3,1,0,0,-16.0,1,235.0,1
1970-06-02,Peru,Bulgaria,3,2,1970,22.0,1759.0,28.0,1731.0,1,2,1,0,0,-6.0,1,28.0,1
1970-06-03,Belgium,El Salvador,3,0,1970,24.0,1740.0,68.0,1492.0,4,0,1,0,0,-44.0,3,248.0,1
1970-06-03,Italy,Sweden,1,0,1970,4.0,2023.0,11.0,1848.0,6,4,1,0,0,-7.0,1,175.0,1
1970-06-03,Brazil,Czechoslovakia,4,1,1970,1.0,2177.0,14.0,1821.0,8,5,1,0,0,-13.0,3,356.0,1
1970-06-03,West Germany,Morocco,2,1,1970,3.0,2032.0,40.0,1642.0,4,0,1,0,0,-37.0,1,390.0,1
1970-06-06,Soviet Union,Belgium,4,1,1970,5.0,1962.0,24.0,1740.0,3,4,1,0,0,-19.0,3,222.0,1
1970-06-06,Uruguay,Italy,0,0,1970,9.0,1854.0,4.0,2023.0,5,6,0,1,0,5.0,0,-169.0,0
1970-06-06,Romania,Czechoslovakia,2,1,1970,18.0,1804.0,14.0,1821.0,3,5,1,0,0,4.0,1,-17.0,0
1970-06-06,Peru,Morocco,3,0,1970,22.0,1759.0,40.0,1642.0,1,0,1,0,0,-18.0,3,117.0,1
1970-06-07,Mexico,El Salvador,4,0,1970,29.0,1730.0,68.0,1492.0,6,0,1,0,0,-39.0,4,238.0,1
1970-06-07,Sweden,Israel,1,1,1970,11.0,1848.0,39.0,1668.0,4,0,0,1,0,-28.0,0,180.0,0
1970-06-07,Brazil,England,1,0,1970,1.0,2177.0,2.0,2039.0,8,5,1,0,0,-1.0,1,138.0,1
1970-06-07,West Germany,Bulgaria,5,2,1970,3.0,2032.0,28.0,1731.0,4,2,1,0,0,-25.0,3,301.0,1
1970-06-10,Soviet Union,El Salvador,2,0,1970,5.0,1962.0,68.0,1492.0,3,0,1,0,0,-63.0,2,470.0,1
1970-06-10,Sweden,Uruguay,1,0,1970,11.0,1848.0,9.0,1854.0,4,5,1,0,0,2.0,1,-6.0,0
1970-06-10,Brazil,Romania,3,2,1970,1.0,2177.0,18.0,1804.0,8,3,1,0,0,-17.0,1,373.0,1
1970-06-10,West Germany,Peru,3,1,1970,3.0,2032.0,22.0,1759.0,4,1,1,0,0,-19.0,2,273.0,1
1970-06-11,Mexico,Belgium,1,0,1970,29.0,1730.0,24.0,1740.0,6,4,1,0,0,5.0,1,-10.0,0
1970-06-11,Italy,Israel,0,0,1970,4.0,2023.0,39.0,1668.0,6,0,0,1,0,-35.0,0,355.0,0
1970-06-11,England,Czechoslovakia,1,0,1970,2.0,2039.0,14.0,1821.0,5,5,1,0,0,-12.0,1,218.0,1
1970-06-11,Bulgaria,Morocco,1,1,1970,28.0,1731.0,40.0,1642.0,2,0,0,1,0,-12.0,0,89.0,0
1970-06-14,Brazil,Peru,4,2,1970,1.0,2177.0,22.0,1759.0,8,1,1,0,0,-21.0,2,418.0,1
1970-06-14,Italy,Mexico,4,1,1970,4.0,2023.0,29.0,1730.0,6,6,1,0,0,-25.0,3,293.0,1
1970-06-14,Soviet Union,Uruguay,0,1,1970,5.0,1962.0,9.0,1854.0,3,5,0,0,1,-4.0,-1,108.0,0
1970-06-14,West Germany,England,3,2,1970,3.0,2032.0,2.0,2039.0,4,5,1,0,0,1.0,1,-7.0,0
1970-06-17,Brazil,Uruguay,3,1,1970,1.0,2177.0,9.0,1854.0,8,5,1,0,0,-8.0,2,323.0,1
1970-06-17,Italy,West Germany,4,3,1970,4.0,2023.0,3.0,2032.0,6,4,1,0,0,1.0,1,-9.0,0
1970-06-20,West Germany,Uruguay,1,0,1970,3.0,2032.0,9.0,1854.0,4,5,1,0,0,-6.0,1,178.0,1
1970-06-21,Brazil,Italy,4,1,1970,1.0,2177.0,4.0,2023.0,8,6,1,0,0,-3.0,3,154.0,1
1974-06-13,Brazil,Yugoslavia,0,0,1974,3.0,2036.0,8.0,1909.0,9,5,0,1,0,-5.0,0,127.0,0
1974-06-14,West Germany,Chile,1,0,1974,1.0,2128.0,23.0,1770.0,5,4,1,0,0,-22.0,1,358.0,1
1974-06-14,East Germany,Australia,2,0,1974,10.0,1892.0,33.0,1680.0,0,0,1,0,0,-23.0,2,212.0,1
1974-06-14,Zaire,Scotland,0,2,1974,29.0,1708.0,11.0,1879.0,0,2,0,0,1,18.0,-2,-171.0,0
1974-06-15,Sweden,Bulgaria,0,0,1974,18.0,1834.0,27.0,1741.0,5,3,0,1,0,-9.0,0,93.0,0
1974-06-15,Uruguay,Netherlands,0,2,1974,30.0,1699.0,2.0,2091.0,6,2,0,0,1,28.0,-2,-392.0,0
1974-06-15,Italy,Haiti,3,1,1974,6.0,1940.0,54.0,1548.0,7,0,1,0,0,-48.0,2,392.0,1
1974-06-15,Poland,Argentina,3,2,1974,4.0,2031.0,15.0,1857.0,1,5,1,0,0,-11.0,1,174.0,1
1974-06-18,Australia,West Germany,0,3,1974,33.0,1680.0,1.0,2128.0,0,5,0,0,1,32.0,-3,-448.0,0
1974-06-18,Chile,East Germany,1,1,1974,23.0,1770.0,10.0,1892.0,4,0,0,1,0,13.0,0,-122.0,0
1974-06-18,Scotland,Brazil,0,0,1974,11.0,1879.0,3.0,2036.0,2,9,0,1,0,8.0,0,-157.0,0
1974-06-18,Yugoslavia,Zaire,9,0,1974,8.0,1909.0,29.0,1708.0,5,0,1,0,0,-21.0,9,201.0,1
1974-06-19,Bulgaria,Uruguay,1,1,1974,27.0,1741.0,30.0,1699.0,3,6,0,1,0,-3.0,0,42.0,0
1974-06-19,Netherlands,Sweden,0,0,1974,2.0,2091.0,18.0,1834.0,2,5,0,1,0,-16.0,0,257.0,0
1974-06-19,Argentina,Italy,1,1,1974,15.0,1857.0,6.0,1940.0,5,7,0,1,0,9.0,0,-83.0,0
1974-06-19,Haiti,Poland,0,7,1974,54.0,1548.0,4.0,2031.0,0,1,0,0,1,50.0,-7,-483.0,0
1974-06-22,Australia,Chile,0,0,1974,33.0,1680.0,23.0,1770.0,0,4,0,1,0,10.0,0,-90.0,0
1974-06-22,Scotland,Yugoslavia,1,1,1974,11.0,1879.0,8.0,1909.0,2,5,0,1,0,3.0,0,-30.0,0
1974-06-22,Zaire,Brazil,0,3,1974,29.0,1708.0,3.0,2036.0,0,9,0,0,1,26.0,-3,-328.0,0
1974-06-22,East Germany,West Germany,1,0,1974,10.0,1892.0,1.0,2128.0,0,5,1,0,0,9.0,1,-236.0,0
1974-06-23,Bulgaria,Netherlands,1,4,1974,27.0,1741.0,2.0,2091.0,3,2,0,0,1,25.0,-3,-350.0,0
1974-06-23,Sweden,Uruguay,3,0,1974,18.0,1834.0,30.0,1699.0,5,6,1,0,0,-12.0,3,135.0,1
1974-06-23,Argentina,Haiti,4,1,1974,15.0,1857.0,54.0,1548.0,5,0,1,0,0,-39.0,3,309.0,1
1974-06-23,Poland,Italy,2,1,1974,4.0,2031.0,6.0,1940.0,1,7,1,0,0,-2.0,1,91.0,1
1974-06-26,Yugoslavia,West Germany,0,2,1974,8.0,1909.0,1.0,2128.0,5,5,0,0,1,7.0,-2,-219.0,0
1974-06-26,Brazil,East Germany,1,0,1974,3.0,2036.0,10.0,1892.0,9,0,1,0,0,-7.0,1,144.0,1
1974-06-26,Netherlands,Argentina,4,0,1974,2.0,2091.0,15.0,1857.0,2,5,1,0,0,-13.0,4,234.0,1
1974-06-26,Sweden,Poland,0,1,1974,18.0,1834.0,4.0,2031.0,5,1,0,0,1,14.0,-1,-197.0,0
1974-06-30,Argentina,Brazil,1,2,1974,15.0,1857.0,3.0,2036.0,5,9,0,0,1,12.0,-1,-179.0,0
1974-06-30,East Germany,Netherlands,0,2,1974,10.0,1892.0,2.0,2091.0,0,2,0,0,1,8.0,-2,-199.0,0
1974-06-30,Poland,Yugoslavia,2,1,1974,4.0,2031.0,8.0,1909.0,1,5,1,0,0,-4.0,1,122.0,1
1974-06-30,West Germany,Sweden,4,2,1974,1.0,2128.0,18.0,1834.0,5,5,1,0,0,-17.0,2,294.0,1
1974-07-03,Poland,West Germany,0,1,1974,4.0,2031.0,1.0,2128.0,1,5,0,0,1,3.0,-1,-97.0,0
1974-07-03,Argentina,East Germany,1,1,1974,15.0,1857.0,10.0,1892.0,5,0,0,1,0,5.0,0,-35.0,0
1974-07-03,Netherlands,Brazil,2,0,1974,2.0,2091.0,3.0,2036.0,2,9,1,0,0,-1.0,2,55.0,1
1974-07-03,Sweden,Yugoslavia,2,1,1974,18.0,1834.0,8.0,1909.0,5,5,1,0,0,10.0,1,-75.0,0
1974-07-06,Brazil,Poland,0,1,1974,3.0,2036.0,4.0,2031.0,9,1,0,0,1,-1.0,-1,5.0,0
1974-07-07,Netherlands,West Germany,1,2,1974,2.0,2091.0,1.0,2128.0,2,5,0,0,1,1.0,-1,-37.0,0
1978-06-01,West Germany,Poland,0,0,1978,3.0,2039.0,9.0,1932.0,6,2,0,1,0,-6.0,0,107.0,0
1978-06-02,Italy,France,2,1,1978,6.0,1995.0,15.0,1887.0,8,6,1,0,0,-9.0,1,108.0,1
1978-06-02,Tunisia,Mexico,3,1,1978,29.0,1723.0,32.0,1703.0,0,7,1,0,0,-3.0,2,20.0,1
1978-06-02,Argentina,Hungary,2,1,1978,3.0,2039.0,24.0,1772.0,6,6,1,0,0,-21.0,1,267.0,1
1978-06-03,Austria,Spain,2,1,1978,12.0,1892.0,7.0,1964.0,3,4,1,0,0,5.0,1,-72.0,0
1978-06-03,Brazil,Sweden,1,1,1978,1.0,2143.0,25.0,1742.0,10,6,0,1,0,-24.0,0,401.0,0
1978-06-03,Netherlands,Iran,3,0,1978,2.0,2068.0,26.0,1727.0,3,0,1,0,0,-24.0,3,341.0,1
1978-06-03,Peru,Scotland,3,1,1978,20.0,1809.0,14.0,1888.0,2,3,1,0,0,6.0,2,-79.0,0
1978-06-06,Italy,Hungary,3,1,1978,6.0,1995.0,24.0,1772.0,8,6,1,0,0,-18.0,2,223.0,1
1978-06-06,Poland,Tunisia,1,0,1978,9.0,1932.0,29.0,1723.0,2,0,1,0,0,-20.0,1,209.0,1
1978-06-06,West Germany,Mexico,6,0,1978,3.0,2039.0,32.0,1703.0,6,7,1,0,0,-29.0,6,336.0,1
1978-06-06,Argentina,France,2,1,1978,3.0,2039.0,15.0,1887.0,6,6,1,0,0,-12.0,1,152.0,1
1978-06-07,Austria,Sweden,1,0,1978,12.0,1892.0,25.0,1742.0,3,6,1,0,0,-13.0,1,150.0,1
1978-06-07,Brazil,Spain,0,0,1978,1.0,2143.0,7.0,1964.0,10,4,0,1,0,-6.0,0,179.0,0
1978-06-07,Netherlands,Peru,0,0,1978,2.0,2068.0,20.0,1809.0,3,2,0,1,0,-18.0,0,259.0,0
1978-06-07,Scotland,Iran,1,1,1978,14.0,1888.0,26.0,1727.0,3,0,0,1,0,-12.0,0,161.0,0
1978-06-10,France,Hungary,3,1,1978,15.0,1887.0,24.0,1772.0,6,6,1,0,0,-9.0,2,115.0,1
1978-06-10,Poland,Mexico,3,1,1978,9.0,1932.0,32.0,1703.0,2,7,1,0,0,-23.0,2,229.0,1
1978-06-10,West Germany,Tunisia,0,0,1978,3.0,2039.0,29.0,1723.0,6,0,0,1,0,-26.0,0,316.0,0
1978-06-10,Argentina,Italy,0,1,1978,3.0,2039.0,6.0,1995.0,6,8,0,0,1,-3.0,-1,44.0,0
1978-06-11,Brazil,Austria,1,0,1978,1.0,2143.0,12.0,1892.0,10,3,1,0,0,-11.0,1,251.0,1
1978-06-11,Spain,Sweden,1,0,1978,7.0,1964.0,25.0,1742.0,4,6,1,0,0,-18.0,1,222.0,1
1978-06-11,Peru,Iran,4,1,1978,20.0,1809.0,26.0,1727.0,2,0,1,0,0,-6.0,3,82.0,1
1978-06-11,Scotland,Netherlands,3,2,1978,14.0,1888.0,2.0,2068.0,3,3,1,0,0,12.0,1,-180.0,0
1978-06-14,Austria,Netherlands,1,5,1978,12.0,1892.0,2.0,2068.0,3,3,0,0,1,10.0,-4,-176.0,0
1978-06-14,Italy,West Germany,0,0,1978,6.0,1995.0,3.0,2039.0,8,6,0,1,0,3.0,0,-44.0,0
1978-06-14,Brazil,Peru,3,0,1978,1.0,2143.0,20.0,1809.0,10,2,1,0,0,-19.0,3,334.0,1
1978-06-14,Argentina,Poland,2,0,1978,3.0,2039.0,9.0,1932.0,6,2,1,0,0,-6.0,2,107.0,1
1978-06-18,Peru,Poland,0,1,1978,20.0,1809.0,9.0,1932.0,2,2,0,0,1,11.0,-1,-123.0,0
1978-06-18,Italy,Austria,1,0,1978,6.0,1995.0,12.0,1892.0,8,3,1,0,0,-6.0,1,103.0,1
1978-06-18,Netherlands,West Germany,2,2,1978,2.0,2068.0,3.0,2039.0,3,6,0,1,0,-1.0,0,29.0,0
1978-06-18,Argentina,Brazil,0,0,1978,3.0,2039.0,1.0,2143.0,6,10,0,1,0,2.0,0,-104.0,0
1978-06-21,Austria,West Germany,3,2,1978,12.0,1892.0,3.0,2039.0,3,6,1,0,0,9.0,1,-147.0,0
1978-06-21,Italy,Netherlands,1,2,1978,6.0,1995.0,2.0,2068.0,8,3,0,0,1,4.0,-1,-73.0,0
1978-06-21,Brazil,Poland,3,1,1978,1.0,2143.0,9.0,1932.0,10,2,1,0,0,-8.0,2,211.0,1
1978-06-21,Argentina,Peru,6,0,1978,3.0,2039.0,20.0,1809.0,6,2,1,0,0,-17.0,6,230.0,1
1978-06-24,Brazil,Italy,2,1,1978,1.0,2143.0,6.0,1995.0,10,8,1,0,0,-5.0,1,148.0,1
1978-06-25,Argentina,Netherlands,3,1,1978,3.0,2039.0,2.0,2068.0,6,3,1,0,0,1.0,2,-29.0,0
1982-06-13,Argentina,Belgium,0,1,1982,7.0,1941.0,10.0,1901.0,7,5,0,0,1,-3.0,-1,40.0,0
1982-06-14,Italy,Poland,0,0,1982,2.0,2019.0,6.0,1986.0,9,3,0,1,0,-4.0,0,33.0,0
1982-06-14,Brazil,Soviet Union,2,1,1982,1.0,2115.0,5.0,2008.0,11,4,1,0,0,-4.0,1,107.0,1
1982-06-15,Peru,Cameroon,0,0,1982,26.0,1743.0,36.0,1679.0,3,0,0,1,0,-10.0,0,64.0,0
1982-06-15,Hungary,El Salvador,10,1,1982,18.0,1817.0,59.0,1557.0,7,1,1,0,0,-41.0,9,260.0,1
1982-06-15,Scotland,New Zealand,5,2,1982,17.0,1830.0,57.0,1564.0,4,0,1,0,0,-40.0,3,266.0,1
1982-06-16,West Germany,Algeria,1,2,1982,4.0,2012.0,30.0,1728.0,7,0,0,0,1,-26.0,-1,284.0,0
1982-06-16,England,France,3,1,1982,2.0,2019.0,8.0,1921.0,6,7,1,0,0,-6.0,2,98.0,1
1982-06-16,Spain,Honduras,1,1,1982,16.0,1837.0,41.0,1623.0,5,0,0,1,0,-25.0,0,214.0,0
1982-06-17,Chile,Austria,0,1,1982,31.0,1702.0,9.0,1910.0,5,4,0,0,1,22.0,-1,-208.0,0
1982-06-17,Czechoslovakia,Kuwait,1,1,1982,13.0,1866.0,37.0,1675.0,6,0,0,1,0,-24.0,0,191.0,0
1982-06-17,Yugoslavia,Northern Ireland,0,0,1982,15.0,1855.0,23.0,1767.0,6,1,0,1,0,-8.0,0,88.0,0
1982-06-18,Italy,Peru,1,1,1982,2.0,2019.0,26.0,1743.0,9,3,0,1,0,-24.0,0,276.0,0
1982-06-18,Argentina,Hungary,4,1,1982,7.0,1941.0,18.0,1817.0,7,7,1,0,0,-11.0,3,124.0,1
1982-06-18,Brazil,Scotland,4,1,1982,1.0,2115.0,17.0,1830.0,11,4,1,0,0,-16.0,3,285.0,1
1982-06-19,Poland,Cameroon,0,0,1982,6.0,1986.0,36.0,1679.0,3,0,0,1,0,-30.0,0,307.0,0
1982-06-19,Belgium,El Salvador,1,0,1982,10.0,1901.0,59.0,1557.0,5,1,1,0,0,-49.0,1,344.0,1
1982-06-19,Soviet Union,New Zealand,3,0,1982,5.0,2008.0,57.0,1564.0,4,0,1,0,0,-52.0,3,444.0,1
1982-06-20,West Germany,Chile,4,1,1982,4.0,2012.0,31.0,1702.0,7,5,1,0,0,-27.0,3,310.0,1
1982-06-20,England,Czechoslovakia,2,0,1982,2.0,2019.0,13.0,1866.0,6,6,1,0,0,-11.0,2,153.0,1
1982-06-20,Spain,Yugoslavia,2,1,1982,16.0,1837.0,15.0,1855.0,5,6,1,0,0,1.0,1,-18.0,0
1982-06-21,Algeria,Austria,0,2,1982,30.0,1728.0,9.0,1910.0,0,4,0,0,1,21.0,-2,-182.0,0
1982-06-21,France,Kuwait,4,1,1982,8.0,1921.0,37.0,1675.0,7,0,1,0,0,-29.0,3,246.0,1
1982-06-21,Honduras,Northern Ireland,1,1,1982,41.0,1623.0,23.0,1767.0,0,1,0,1,0,18.0,0,-144.0,0
1982-06-22,Poland,Peru,5,1,1982,6.0,1986.0,26.0,1743.0,3,3,1,0,0,-20.0,4,243.0,1
1982-06-22,Belgium,Hungary,1,1,1982,10.0,1901.0,18.0,1817.0,5,7,0,1,0,-8.0,0,84.0,0
1982-06-22,Soviet Union,Scotland,2,2,1982,5.0,2008.0,17.0,1830.0,4,4,0,1,0,-12.0,0,178.0,0
1982-06-23,Italy,Cameroon,1,1,1982,2.0,2019.0,36.0,1679.0,9,0,0,1,0,-34.0,0,340.0,0
1982-06-23,Argentina,El Salvador,2,0,1982,7.0,1941.0,59.0,1557.0,7,1,1,0,0,-52.0,2,384.0,1
1982-06-23,Brazil,New Zealand,4,0,1982,1.0,2115.0,57.0,1564.0,11,0,1,0,0,-56.0,4,551.0,1
1982-06-24,Algeria,Chile,3,2,1982,30.0,1728.0,31.0,1702.0,0,5,1,0,0,-1.0,1,26.0,1
1982-06-24,France,Czechoslovakia,1,1,1982,8.0,1921.0,13.0,1866.0,7,6,0,1,0,-5.0,0,55.0,0
1982-06-24,Honduras,Yugoslavia,0,1,1982,41.0,1623.0,15.0,1855.0,0,6,0,0,1,26.0,-1,-232.0,0
1982-06-25,West Germany,Austria,1,0,1982,4.0,2012.0,9.0,1910.0,7,4,1,0,0,-5.0,1,102.0,1
1982-06-25,England,Kuwait,1,0,1982,2.0,2019.0,37.0,1675.0,6,0,1,0,0,-35.0,1,344.0,1
1982-06-25,Spain,Northern Ireland,0,1,1982,16.0,1837.0,23.0,1767.0,5,1,0,0,1,-7.0,-1,70.0,0
1982-06-28,Austria,France,0,1,1982,9.0,1910.0,8.0,1921.0,4,7,0,0,1,1.0,-1,-11.0,0
1982-06-28,Poland,Belgium,3,0,1982,6.0,1986.0,10.0,1901.0,3,5,1,0,0,-4.0,3,85.0,1
1982-06-29,Italy,Argentina,2,1,1982,2.0,2019.0,7.0,1941.0,9,7,1,0,0,-5.0,1,78.0,1
1982-06-29,West Germany,England,0,0,1982,4.0,2012.0,2.0,2019.0,7,6,0,1,0,2.0,0,-7.0,0
1982-07-01,Austria,Northern Ireland,2,2,1982,9.0,1910.0,23.0,1767.0,4,1,0,1,0,-14.0,0,143.0,0
1982-07-01,Belgium,Soviet Union,0,1,1982,10.0,1901.0,5.0,2008.0,5,4,0,0,1,5.0,-1,-107.0,0
1982-07-02,Argentina,Brazil,1,3,1982,7.0,1941.0,1.0,2115.0,7,11,0,0,1,6.0,-2,-174.0,0
1982-07-02,West Germany,Spain,2,1,1982,4.0,2012.0,16.0,1837.0,7,5,1,0,0,-12.0,1,175.0,1
1982-07-04,France,Northern Ireland,4,1,1982,8.0,1921.0,23.0,1767.0,7,1,1,0,0,-15.0,3,154.0,1
1982-07-04,Soviet Union,Poland,0,0,1982,5.0,2008.0,6.0,1986.0,4,3,0,1,0,-1.0,0,22.0,0
1982-07-05,Italy,Brazil,3,2,1982,2.0,2019.0,1.0,2115.0,9,11,1,0,0,1.0,1,-96.0,0
1982-07-05,Spain,England,0,0,1982,16.0,1837.0,2.0,2019.0,5,6,0,1,0,14.0,0,-182.0,0
1982-07-08,Poland,Italy,0,2,1982,6.0,1986.0,2.0,2019.0,3,9,0,0,1,4.0,-2,-33.0,0
1982-07-08,West Germany,France,3,3,1982,4.0,2012.0,8.0,1921.0,7,7,0,1,0,-4.0,0,91.0,0
1982-07-10,Poland,France,3,2,1982,6.0,1986.0,8.0,1921.0,3,7,1,0,0,-2.0,1,65.0,1
1982-07-11,Italy,West Germany,3,1,1982,2.0,2019.0,4.0,2012.0,9,7,1,0,0,-2.0,2,7.0,1
1986-05-31,Bulgaria,Italy,1,1,1986,25.0,1779.0,11.0,1881.0,4,10,0,1,0,14.0,0,-102.0,0
1986-06-01,Spain,Brazil,0,1,1986,3.0,1994.0,2.0,2016.0,6,12,0,0,1,1.0,-1,-22.0,0
1986-06-01,Canada,France,0,1,1986,54.0,1579.0,7.0,1942.0,0,8,0,0,1,47.0,-1,-363.0,0
1986-06-02,Argentina,South Korea,3,1,1986,1.0,2040.0,40.0,1648.0,8,1,1,0,0,-39.0,2,392.0,1
1986-06-02,Soviet Union,Hungary,6,0,1986,3.0,1994.0,24.0,1780.0,5,8,1,0,0,-21.0,6,214.0,1
1986-06-02,Morocco,Poland,0,0,1986,31.0,1726.0,23.0,1781.0,1,4,0,1,0,8.0,0,-55.0,0
1986-06-03,Belgium,Mexico,1,2,1986,18.0,1803.0,12.0,1880.0,6,8,0,0,1,6.0,-1,-77.0,0
1986-06-03,Algeria,Northern Ireland,1,1,1986,46.0,1624.0,29.0,1754.0,1,2,0,1,0,17.0,0,-130.0,0
1986-06-03,Portugal,England,1,0,1986,28.0,1761.0,5.0,1978.0,1,7,1,0,0,23.0,1,-217.0,0
1986-06-04,Paraguay,Iraq,1,0,1986,19.0,1801.0,58.0,1565.0,3,0,1,0,0,-39.0,1,236.0,1
1986-06-04,Uruguay,West Germany,1,1,1986,26.0,1778.0,6.0,1957.0,7,8,0,1,0,20.0,0,-179.0,0
1986-06-04,Scotland,Denmark,0,1,1986,17.0,1816.0,8.0,1935.0,5,0,0,0,1,9.0,-1,-119.0,0
1986-06-05,Italy,Argentina,1,1,1986,11.0,1881.0,1.0,2040.0,10,8,0,1,0,10.0,0,-159.0,0
1986-06-05,France,Soviet Union,1,1,1986,7.0,1942.0,3.0,1994.0,8,5,0,1,0,4.0,0,-52.0,0
1986-06-05,South Korea,Bulgaria,1,1,1986,40.0,1648.0,25.0,1779.0,1,4,0,1,0,15.0,0,-131.0,0
1986-06-06,Hungary,Canada,2,0,1986,24.0,1780.0,54.0,1579.0,8,0,1,0,0,-30.0,2,201.0,1
1986-06-06,Brazil,Algeria,1,0,1986,2.0,2016.0,46.0,1624.0,12,1,1,0,0,-44.0,1,392.0,1
1986-06-06,England,Morocco,0,0,1986,5.0,1978.0,31.0,1726.0,7,1,0,1,0,-26.0,0,252.0,0
1986-06-07,Mexico,Paraguay,1,1,1986,12.0,1880.0,19.0,1801.0,8,3,0,1,0,-7.0,0,79.0,0
1986-06-07,Northern Ireland,Spain,1,2,1986,29.0,1754.0,3.0,1994.0,2,6,0,0,1,26.0,-1,-240.0,0
1986-06-07,Poland,Portugal,1,0,1986,23.0,1781.0,28.0,1761.0,4,1,1,0,0,-5.0,1,20.0,1
1986-06-08,Iraq,Belgium,1,2,1986,58.0,1565.0,18.0,1803.0,0,6,0,0,1,40.0,-1,-238.0,0
1986-06-08,West Germany,Scotland,2,1,1986,6.0,1957.0,17.0,1816.0,8,5,1,0,0,-11.0,1,141.0,1
1986-06-08,Denmark,Uruguay,6,1,1986,8.0,1935.0,26.0,1778.0,0,7,1,0,0,-18.0,5,157.0,1
1986-06-09,Hungary,France,0,3,1986,24.0,1780.0,7.0,1942.0,8,8,0,0,1,17.0,-3,-162.0,0
1986-06-09,Soviet Union,Canada,2,0,1986,3.0,1994.0,54.0,1579.0,5,0,1,0,0,-51.0,2,415.0,1
1986-06-10,Argentina,Bulgaria,2,0,1986,1.0,2040.0,25.0,1779.0,8,4,1,0,0,-24.0,2,261.0,1
1986-06-10,South Korea,Italy,2,3,1986,40.0,1648.0,11.0,1881.0,1,10,0,0,1,29.0,-1,-233.0,0
1986-06-11,Iraq,Mexico,0,1,1986,58.0,1565.0,12.0,1880.0,0,8,0,0,1,46.0,-1,-315.0,0
1986-06-11,Paraguay,Belgium,2,2,1986,19.0,1801.0,18.0,1803.0,3,6,0,1,0,1.0,0,-2.0,0
1986-06-11,England,Poland,3,0,1986,5.0,1978.0,23.0,1781.0,7,4,1,0,0,-18.0,3,197.0,1
1986-06-11,Portugal,Morocco,1,3,1986,28.0,1761.0,31.0,1726.0,1,1,0,0,1,-3.0,-2,35.0,0
1986-06-12,Algeria,Spain,0,3,1986,46.0,1624.0,3.0,1994.0,1,6,0,0,1,43.0,-3,-370.0,0
1986-06-12,Northern Ireland,Brazil,0,3,1986,29.0,1754.0,2.0,2016.0,2,12,0,0,1,27.0,-3,-262.0,0
1986-06-13,Denmark,West Germany,2,0,1986,8.0,1935.0,6.0,1957.0,0,8,1,0,0,2.0,2,-22.0,0
1986-06-13,Scotland,Uruguay,0,0,1986,17.0,1816.0,26.0,1778.0,5,7,0,1,0,-9.0,0,38.0,0
1986-06-15,Mexico,Bulgaria,2,0,1986,12.0,1880.0,25.0,1779.0,8,4,1,0,0,-13.0,2,101.0,1
1986-06-15,Soviet Union,Belgium,3,4,1986,3.0,1994.0,18.0,1803.0,5,6,0,0,1,-15.0,-1,191.0,0
1986-06-16,Brazil,Poland,4,0,1986,2.0,2016.0,23.0,1781.0,12,4,1,0,0,-21.0,4,235.0,1
1986-06-16,Argentina,Uruguay,1,0,1986,1.0,2040.0,26.0,1778.0,8,7,1,0,0,-25.0,1,262.0,1
1986-06-17,Italy,France,0,2,1986,11.0,1881.0,7.0,1942.0,10,8,0,0,1,4.0,-2,-61.0,0
1986-06-17,Morocco,West Germany,0,1,1986,31.0,1726.0,6.0,1957.0,1,8,0,0,1,25.0,-1,-231.0,0
1986-06-18,England,Paraguay,3,0,1986,5.0,1978.0,19.0,1801.0,7,3,1,0,0,-14.0,3,177.0,1
1986-06-18,Denmark,Spain,1,5,1986,8.0,1935.0,3.0,1994.0,0,6,0,0,1,5.0,-4,-59.0,0
1986-06-21,Brazil,France,1,1,1986,2.0,2016.0,7.0,1942.0,12,8,0,1,0,-5.0,0,74.0,0
1986-06-21,West Germany,Mexico,0,0,1986,6.0,1957.0,12.0,1880.0,8,8,0,1,0,-6.0,0,77.0,0
1986-06-22,Argentina,England,2,1,1986,1.0,2040.0,5.0,1978.0,8,7,1,0,0,-4.0,1,62.0,1
1986-06-22,Spain,Belgium,1,1,1986,3.0,1994.0,18.0,1803.0,6,6,0,1,0,-15.0,0,191.0,0
1986-06-25,France,West Germany,0,2,1986,7.0,1942.0,6.0,1957.0,8,8,0,0,1,1.0,-2,-15.0,0
1986-06-25,Argentina,Belgium,2,0,1986,1.0,2040.0,18.0,1803.0,8,6,1,0,0,-17.0,2,237.0,1
1986-06-28,Belgium,France,2,4,1986,18.0,1803.0,7.0,1942.0,6,8,0,0,1,11.0,-2,-139.0,0
1986-06-29,Argentina,West Germany,3,2,1986,1.0,2040.0,6.0,1957.0,8,8,1,0,0,-5.0,1,83.0,1
1990-06-08,Argentina,Cameroon,0,1,1990,14.0,1875.0,39.0,1656.0,9,1,0,0,1,-25.0,-1,219.0,0
1990-06-09,Soviet Union,Romania,0,2,1990,11.0,1888.0,19.0,1814.0,6,4,0,0,1,-8.0,-2,74.0,0
1990-06-09,United Arab Emirates,Colombia,0,2,1990,75.0,1475.0,26.0,1763.0,0,1,0,0,1,49.0,-2,-288.0,0
1990-06-09,Italy,Austria,1,0,1990,2.0,2018.0,35.0,1677.0,11,5,1,0,0,-33.0,1,341.0,1
1990-06-10,United States,Czechoslovakia,1,5,1990,54.0,1584.0,12.0,1887.0,3,7,0,0,1,42.0,-4,-303.0,0
1990-06-10,Brazil,Sweden,2,1,1990,5.0,1958.0,17.0,1825.0,13,7,1,0,0,-12.0,1,133.0,1
1990-06-10,West Germany,Yugoslavia,4,1,1990,1.0,2082.0,4.0,1981.0,9,7,1,0,0,-3.0,3,101.0,1
1990-06-11,Costa Rica,Scotland,1,0,1990,37.0,1667.0,25.0,1777.0,0,6,1,0,0,12.0,1,-110.0,0
1990-06-11,England,Republic of Ireland,1,1,1990,3.0,1991.0,9.0,1889.0,8,0,0,1,0,-6.0,0,102.0,0
1990-06-12,Belgium,South Korea,2,0,1990,18.0,1817.0,31.0,1722.0,7,2,1,0,0,-13.0,2,95.0,1
1990-06-12,Netherlands,Egypt,1,1,1990,6.0,1949.0,40.0,1654.0,4,1,0,1,0,-34.0,0,295.0,0
1990-06-13,Uruguay,Spain,0,0,1990,16.0,1846.0,7.0,1937.0,8,7,0,1,0,9.0,0,-91.0,0
1990-06-13,Argentina,Soviet Union,2,0,1990,14.0,1875.0,11.0,1888.0,9,6,1,0,0,3.0,2,-13.0,0
1990-06-14,Cameroon,Romania,2,1,1990,39.0,1656.0,19.0,1814.0,1,4,1,0,0,20.0,1,-158.0,0
1990-06-14,Yugoslavia,Colombia,1,0,1990,4.0,1981.0,26.0,1763.0,7,1,1,0,0,-22.0,1,218.0,1
1990-06-14,Italy,United States,1,0,1990,2.0,2018.0,54.0,1584.0,11,3,1,0,0,-52.0,1,434.0,1
1990-06-15,Austria,Czechoslovakia,0,1,1990,35.0,1677.0,12.0,1887.0,5,7,0,0,1,23.0,-1,-210.0,0
1990-06-15,West Germany,United Arab Emirates,5,1,1990,1.0,2082.0,75.0,1475.0,9,0,1,0,0,-74.0,4,607.0,1
1990-06-16,Brazil,Costa Rica,1,0,1990,5.0,1958.0,37.0,1667.0,13,0,1,0,0,-32.0,1,291.0,1
1990-06-16,Sweden,Scotland,1,2,1990,17.0,1825.0,25.0,1777.0,7,6,0,0,1,-8.0,-1,48.0,0
1990-06-16,England,Netherlands,0,0,1990,3.0,1991.0,6.0,1949.0,8,4,0,1,0,-3.0,0,42.0,0
1990-06-17,Republic of Ireland,Egypt,0,0,1990,9.0,1889.0,40.0,1654.0,0,1,0,1,0,-31.0,0,235.0,0
1990-06-17,Belgium,Uruguay,3,1,1990,18.0,1817.0,16.0,1846.0,7,8,1,0,0,2.0,2,-29.0,0
1990-06-17,South Korea,Spain,1,3,1990,31.0,1722.0,7.0,1937.0,2,7,0,0,1,24.0,-2,-215.0,0
1990-06-18,Argentina,Romania,1,1,1990,14.0,1875.0,19.0,1814.0,9,4,0,1,0,-5.0,0,61.0,0
1990-06-18,Cameroon,Soviet Union,0,4,1990,39.0,1656.0,11.0,1888.0,1,6,0,0,1,28.0,-4,-232.0,0
1990-06-19,West Germany,Colombia,1,1,1990,1.0,2082.0,26.0,1763.0,9,1,0,1,0,-25.0,0,319.0,0
1990-06-19,Yugoslavia,United Arab Emirates,4,1,1990,4.0,1981.0,75.0,1475.0,7,0,1,0,0,-71.0,3,506.0,1
1990-06-19,Austria,United States,2,1,1990,35.0,1677.0,54.0,1584.0,5,3,1,0,0,-19.0,1,93.0,1
1990-06-19,Italy,Czechoslovakia,2,0,1990,2.0,2018.0,12.0,1887.0,11,7,1,0,0,-10.0,2,131.0,1
1990-06-20,Brazil,Scotland,1,0,1990,5.0,1958.0,25.0,1777.0,13,6,1,0,0,-20.0,1,181.0,1
1990-06-20,Sweden,Costa Rica,1,2,1990,17.0,1825.0,37.0,1667.0,7,0,0,0,1,-20.0,-1,158.0,0
1990-06-21,Belgium,Spain,1,2,1990,18.0,1817.0,7.0,1937.0,7,7,0,0,1,11.0,-1,-120.0,0
1990-06-21,South Korea,Uruguay,0,1,1990,31.0,1722.0,16.0,1846.0,2,8,0,0,1,15.0,-1,-124.0,0
1990-06-21,England,Egypt,1,0,1990,3.0,1991.0,40.0,1654.0,8,1,1,0,0,-37.0,1,337.0,1
1990-06-21,Republic of Ireland,Netherlands,1,1,1990,9.0,1889.0,6.0,1949.0,0,4,0,1,0,3.0,0,-60.0,0
1990-06-23,Cameroon,Colombia,2,1,1990,39.0,1656.0,26.0,1763.0,1,1,1,0,0,13.0,1,-107.0,0
1990-06-23,Czechoslovakia,Costa Rica,4,1,1990,12.0,1887.0,37.0,1667.0,7,0,1,0,0,-25.0,3,220.0,1
1990-06-24,Brazil,Argentina,0,1,1990,5.0,1958.0,14.0,1875.0,13,9,0,0,1,-9.0,-1,83.0,0
1990-06-24,West Germany,Netherlands,2,1,1990,1.0,2082.0,6.0,1949.0,9,4,1,0,0,-5.0,1,133.0,1
1990-06-25,Republic of Ireland,Romania,0,0,1990,9.0,1889.0,19.0,1814.0,0,4,0,1,0,-10.0,0,75.0,0
1990-06-25,Italy,Uruguay,2,0,1990,2.0,2018.0,16.0,1846.0,11,8,1,0,0,-14.0,2,172.0,1
1990-06-26,Spain,Yugoslavia,1,2,1990,7.0,1937.0,4.0,1981.0,7,7,0,0,1,3.0,-1,-44.0,0
1990-06-26,England,Belgium,1,0,1990,3.0,1991.0,18.0,1817.0,8,7,1,0,0,-15.0,1,174.0,1
1990-06-30,Argentina,Yugoslavia,0,0,1990,14.0,1875.0,4.0,1981.0,9,7,0,1,0,10.0,0,-106.0,0
1990-06-30,Republic of Ireland,Italy,0,1,1990,9.0,1889.0,2.0,2018.0,0,11,0,0,1,7.0,-1,-129.0,0
1990-07-01,Czechoslovakia,West Germany,0,1,1990,12.0,1887.0,1.0,2082.0,7,9,0,0,1,11.0,-1,-195.0,0
1990-07-01,Cameroon,England,2,3,1990,39.0,1656.0,3.0,1991.0,1,8,0,0,1,36.0,-1,-335.0,0
1990-07-03,Argentina,Italy,1,1,1990,14.0,1875.0,2.0,2018.0,9,11,0,1,0,12.0,0,-143.0,0
1990-07-04,West Germany,England,1,1,1990,1.0,2082.0,3.0,1991.0,9,8,0,1,0,-2.0,0,91.0,0
1990-07-07,Italy,England,2,1,1990,2.0,2018.0,3.0,1991.0,11,8,1,0,0,-1.0,1,27.0,1
1990-07-08,West Germany,Argentina,1,0,1990,1.0,2082.0,14.0,1875.0,9,9,1,0,0,-13.0,1,207.0,1
1994-06-17,Germany,Bolivia,1,0,1994,2.0,1998.0,32.0,1684.0,2,2,1,0,0,-30.0,1,314.0,1
1994-06-17,Spain,South Korea,2,2,1994,3.0,1996.0,45.0,1635.0,8,3,0,1,0,-42.0,0,361.0,0
1994-06-18,United States,Switzerland,1,1,1994,52.0,1616.0,18.0,1870.0,4,6,0,1,0,34.0,0,-254.0,0
1994-06-18,Italy,Republic of Ireland,0,1,1994,4.0,1986.0,16.0,1871.0,12,1,0,0,1,-12.0,-1,115.0,0
1994-06-18,Colombia,Romania,1,3,1994,12.0,1896.0,11.0,1903.0,2,5,0,0,1,1.0,-2,-7.0,0
1994-06-19,Belgium,Morocco,1,0,1994,26.0,1767.0,53.0,1609.0,8,2,1,0,0,-27.0,1,158.0,1
1994-06-19,Norway,Mexico,1,0,1994,15.0,1875.0,16.0,1871.0,1,9,1,0,0,-1.0,1,4.0,1
1994-06-19,Cameroon,Sweden,2,2,1994,63.0,1577.0,6.0,1949.0,2,8,0,1,0,57.0,0,-372.0,0
1994-06-20,Brazil,Russia,2,0,1994,1.0,2069.0,22.0,1845.0,14,0,1,0,0,-21.0,2,224.0,1
1994-06-20,Netherlands,Saudi Arabia,2,1,1994,5.0,1958.0,42.0,1640.0,5,0,1,0,0,-37.0,1,318.0,1
1994-06-21,Argentina,Greece,4,0,1994,14.0,1884.0,41.0,1647.0,10,0,1,0,0,-27.0,4,237.0,1
1994-06-21,Germany,Spain,1,1,1994,2.0,1998.0,3.0,1996.0,2,8,0,1,0,-1.0,0,2.0,0
1994-06-21,Nigeria,Bulgaria,3,0,1994,24.0,1783.0,21.0,1858.0,0,5,1,0,0,3.0,3,-75.0,0
1994-06-22,Romania,Switzerland,1,4,1994,11.0,1903.0,18.0,1870.0,5,6,0,0,1,-7.0,-3,33.0,0
1994-06-22,United States,Colombia,2,1,1994,52.0,1616.0,12.0,1896.0,4,2,1,0,0,40.0,1,-280.0,0
1994-06-23,Italy,Norway,1,0,1994,4.0,1986.0,15.0,1875.0,12,1,1,0,0,-11.0,1,111.0,1
1994-06-23,South Korea,Bolivia,0,0,1994,45.0,1635.0,32.0,1684.0,3,2,0,1,0,13.0,0,-49.0,0
1994-06-24,Mexico,Republic of Ireland,2,1,1994,16.0,1871.0,16.0,1871.0,9,1,1,0,0,0.0,1,0.0,0
1994-06-24,Brazil,Cameroon,3,0,1994,1.0,2069.0,63.0,1577.0,14,2,1,0,0,-62.0,3,492.0,1
1994-06-24,Sweden,Russia,3,1,1994,6.0,1949.0,22.0,1845.0,8,0,1,0,0,-16.0,2,104.0,1
1994-06-25,Belgium,Netherlands,1,0,1994,26.0,1767.0,5.0,1958.0,8,5,1,0,0,21.0,1,-191.0,0
1994-06-25,Saudi Arabia,Morocco,2,1,1994,42.0,1640.0,53.0,1609.0,0,2,1,0,0,-11.0,1,31.0,1
1994-06-25,Argentina,Nigeria,2,1,1994,14.0,1884.0,24.0,1783.0,10,0,1,0,0,-10.0,1,101.0,1
1994-06-26,Bulgaria,Greece,4,0,1994,21.0,1858.0,41.0,1647.0,5,0,1,0,0,-20.0,4,211.0,1
1994-06-26,Switzerland,Colombia,0,2,1994,18.0,1870.0,12.0,1896.0,6,2,0,0,1,6.0,-2,-26.0,0
1994-06-26,United States,Romania,0,1,1994,52.0,1616.0,11.0,1903.0,4,5,0,0,1,41.0,-1,-287.0,0
1994-06-27,Bolivia,Spain,1,3,1994,32.0,1684.0,3.0,1996.0,2,8,0,0,1,29.0,-2,-312.0,0
1994-06-27,Germany,South Korea,3,2,1994,2.0,1998.0,45.0,1635.0,2,3,1,0,0,-43.0,1,363.0,1
1994-06-28,Italy,Mexico,1,1,1994,4.0,1986.0,16.0,1871.0,12,9,0,1,0,-12.0,0,115.0,0
1994-06-28,Republic of Ireland,Norway,0,0,1994,16.0,1871.0,15.0,1875.0,1,1,0,1,0,1.0,0,-4.0,0
1994-06-28,Russia,Cameroon,6,1,1994,22.0,1845.0,63.0,1577.0,0,2,1,0,0,-41.0,5,268.0,1
1994-06-28,Brazil,Sweden,1,1,1994,1.0,2069.0,6.0,1949.0,14,8,0,1,0,-5.0,0,120.0,0
1994-06-29,Belgium,Saudi Arabia,0,1,1994,26.0,1767.0,42.0,1640.0,8,0,0,0,1,-16.0,-1,127.0,0
1994-06-29,Morocco,Netherlands,1,2,1994,53.0,1609.0,5.0,1958.0,2,5,0,0,1,48.0,-1,-349.0,0
1994-06-30,Argentina,Bulgaria,0,2,1994,14.0,1884.0,21.0,1858.0,10,5,0,0,1,-7.0,-2,26.0,0
1994-06-30,Greece,Nigeria,0,2,1994,41.0,1647.0,24.0,1783.0,0,0,0,0,1,17.0,-2,-136.0,0
1994-07-02,Germany,Belgium,3,2,1994,2.0,1998.0,26.0,1767.0,2,8,1,0,0,-24.0,1,231.0,1
1994-07-02,Spain,Switzerland,3,0,1994,3.0,1996.0,18.0,1870.0,8,6,1,0,0,-15.0,3,126.0,1
1994-07-03,Saudi Arabia,Sweden,1,3,1994,42.0,1640.0,6.0,1949.0,0,8,0,0,1,36.0,-2,-309.0,0
1994-07-03,Romania,Argentina,3,2,1994,11.0,1903.0,14.0,1884.0,5,10,1,0,0,-3.0,1,19.0,1
1994-07-04,Netherlands,Republic of Ireland,2,0,1994,5.0,1958.0,16.0,1871.0,5,1,1,0,0,-11.0,2,87.0,1
1994-07-04,Brazil,United States,1,0,1994,1.0,2069.0,52.0,1616.0,14,4,1,0,0,-51.0,1,453.0,1
1994-07-05,Nigeria,Italy,1,2,1994,24.0,1783.0,4.0,1986.0,0,12,0,0,1,20.0,-1,-203.0,0
1994-07-05,Mexico,Bulgaria,1,1,1994,16.0,1871.0,21.0,1858.0,9,5,0,1,0,-5.0,0,13.0,0
1994-07-09,Italy,Spain,2,1,1994,4.0,1986.0,3.0,1996.0,12,8,1,0,0,1.0,1,-10.0,0
1994-07-09,Netherlands,Brazil,2,3,1994,5.0,1958.0,1.0,2069.0,5,14,0,0,1,4.0,-1,-111.0,0
1994-07-10,Bulgaria,Germany,2,1,1994,21.0,1858.0,2.0,1998.0,5,2,1,0,0,19.0,1,-140.0,0
1994-07-10,Romania,Sweden,2,2,1994,11.0,1903.0,6.0,1949.0,5,8,0,1,0,5.0,0,-46.0,0
1994-07-13,Bulgaria,Italy,1,2,1994,21.0,1858.0,4.0,1986.0,5,12,0,0,1,17.0,-1,-128.0,0
1994-07-13,Sweden,Brazil,0,1,1994,6.0,1949.0,1.0,2069.0,8,14,0,0,1,5.0,-1,-120.0,0
1994-07-16,Sweden,Bulgaria,4,0,1994,6.0,1949.0,21.0,1858.0,8,5,1,0,0,-15.0,4,91.0,1
1994-07-17,Brazil,Italy,0,0,1994,1.0,2069.0,4.0,1986.0,14,12,0,1,0,-3.0,0,83.0,0
1998-06-10,Brazil,Scotland,2,1,1998,2.0,2051.0,34.0,1712.0,15,7,1,0,0,-32.0,1,339.0,1
1998-06-10,Morocco,Norway,2,2,1998,19.0,1807.0,16.0,1830.0,3,2,0,1,0,3.0,0,-23.0,0
1998-06-11,Italy,Chile,2,2,1998,3.0,2020.0,25.0,1756.0,13,6,0,1,0,-22.0,0,264.0,0
1998-06-11,Cameroon,Austria,1,1,1998,63.0,1564.0,30.0,1730.0,3,6,0,1,0,33.0,0,-166.0,0
1998-06-12,Paraguay,Bulgaria,0,0,1998,20.0,1805.0,44.0,1674.0,4,6,0,1,0,-24.0,0,131.0,0
1998-06-12,Saudi Arabia,Denmark,0,1,1998,35.0,1710.0,17.0,1820.0,1,1,0,0,1,18.0,-1,-110.0,0
1998-06-12,France,South Africa,3,0,1998,1.0,2076.0,44.0,1674.0,9,0,1,0,0,-43.0,3,402.0,1
1998-06-13,Spain,Nigeria,2,3,1998,5.0,1979.0,38.0,1697.0,9,1,0,0,1,-33.0,-1,282.0,0
1998-06-13,South Korea,Mexico,1,3,1998,33.0,1714.0,15.0,1863.0,4,10,0,0,1,18.0,-2,-149.0,0
1998-06-13,Netherlands,Belgium,0,0,1998,4.0,1994.0,18.0,1816.0,6,9,0,1,0,-14.0,0,178.0,0
1998-06-14,Argentina,Japan,1,0,1998,10.0,1930.0,51.0,1641.0,11,0,1,0,0,-41.0,1,289.0,1
1998-06-14,Yugoslavia,Iran,1,0,1998,9.0,1943.0,27.0,1747.0,8,1,1,0,0,-18.0,1,196.0,1
1998-06-14,Jamaica,Croatia,1,3,1998,47.0,1669.0,7.0,1964.0,0,0,0,0,1,40.0,-2,-295.0,0
1998-06-15,England,Tunisia,2,0,1998,8.0,1945.0,52.0,1632.0,9,1,1,0,0,-44.0,2,313.0,1
1998-06-15,Romania,Colombia,1,0,1998,11.0,1903.0,28.0,1739.0,6,3,1,0,0,-17.0,1,164.0,1
1998-06-15,Germany,United States,2,0,1998,6.0,1978.0,39.0,1696.0,3,5,1,0,0,-33.0,2,282.0,1
1998-06-16,Scotland,Norway,1,1,1998,34.0,1712.0,16.0,1830.0,7,2,0,1,0,18.0,0,-118.0,0
1998-06-16,Brazil,Morocco,3,0,1998,2.0,2051.0,19.0,1807.0,15,3,1,0,0,-17.0,3,244.0,1
1998-06-17,Chile,Austria,1,1,1998,25.0,1756.0,30.0,1730.0,6,6,0,1,0,-5.0,0,26.0,0
1998-06-17,Italy,Cameroon,3,0,1998,3.0,2020.0,63.0,1564.0,13,3,1,0,0,-60.0,3,456.0,1
1998-06-18,South Africa,Denmark,1,1,1998,44.0,1674.0,17.0,1820.0,0,1,0,1,0,27.0,0,-146.0,0
1998-06-18,France,Saudi Arabia,4,0,1998,1.0,2076.0,35.0,1710.0,9,1,1,0,0,-34.0,4,366.0,1
1998-06-19,Nigeria,Bulgaria,1,0,1998,38.0,1697.0,44.0,1674.0,1,6,1,0,0,-6.0,1,23.0,1
1998-06-19,Spain,Paraguay,0,0,1998,5.0,1979.0,20.0,1805.0,9,4,0,1,0,-15.0,0,174.0,0
1998-06-20,Japan,Croatia,0,1,1998,51.0,1641.0,7.0,1964.0,0,0,0,0,1,44.0,-1,-323.0,0
1998-06-20,Belgium,Mexico,2,2,1998,18.0,1816.0,15.0,1863.0,9,10,0,1,0,3.0,0,-47.0,0
1998-06-20,Netherlands,South Korea,5,0,1998,4.0,1994.0,33.0,1714.0,6,4,1,0,0,-29.0,5,280.0,1
1998-06-21,Germany,Yugoslavia,2,2,1998,6.0,1978.0,9.0,1943.0,3,8,0,1,0,-3.0,0,35.0,0
1998-06-21,Argentina,Jamaica,5,0,1998,10.0,1930.0,47.0,1669.0,11,0,1,0,0,-37.0,5,261.0,1
1998-06-21,United States,Iran,1,2,1998,39.0,1696.0,27.0,1747.0,5,1,0,0,1,12.0,-1,-51.0,0
1998-06-22,Colombia,Tunisia,1,0,1998,28.0,1739.0,52.0,1632.0,3,1,1,0,0,-24.0,1,107.0,1
1998-06-22,Romania,England,2,1,1998,11.0,1903.0,8.0,1945.0,6,9,1,0,0,3.0,1,-42.0,0
1998-06-23,Chile,Cameroon,1,1,1998,25.0,1756.0,63.0,1564.0,6,3,0,1,0,-38.0,0,192.0,0
1998-06-23,Italy,Austria,2,1,1998,3.0,2020.0,30.0,1730.0,13,6,1,0,0,-27.0,1,290.0,1
1998-06-23,Brazil,Norway,1,2,1998,2.0,2051.0,16.0,1830.0,15,2,0,0,1,-14.0,-1,221.0,0
1998-06-23,Scotland,Morocco,0,3,1998,34.0,1712.0,19.0,1807.0,7,3,0,0,1,15.0,-3,-95.0,0
1998-06-24,France,Denmark,2,1,1998,1.0,2076.0,17.0,1820.0,9,1,1,0,0,-16.0,1,256.0,1
1998-06-24,South Africa,Saudi Arabia,2,2,1998,44.0,1674.0,35.0,1710.0,0,1,0,1,0,9.0,0,-36.0,0
1998-06-24,Nigeria,Paraguay,1,3,1998,38.0,1697.0,20.0,1805.0,1,4,0,0,1,18.0,-2,-108.0,0
1998-06-24,Spain,Bulgaria,6,1,1998,5.0,1979.0,44.0,1674.0,9,6,1,0,0,-39.0,5,305.0,1
1998-06-25,Belgium,South Korea,1,1,1998,18.0,1816.0,33.0,1714.0,9,4,0,1,0,-15.0,0,102.0,0
1998-06-25,Netherlands,Mexico,2,2,1998,4.0,1994.0,15.0,1863.0,6,10,0,1,0,-11.0,0,131.0,0
1998-06-25,Germany,Iran,2,0,1998,6.0,1978.0,27.0,1747.0,3,1,1,0,0,-21.0,2,231.0,1
1998-06-25,United States,Yugoslavia,0,1,1998,39.0,1696.0,9.0,1943.0,5,8,0,0,1,30.0,-1,-247.0,0
1998-06-26,Argentina,Croatia,1,0,1998,10.0,1930.0,7.0,1964.0,11,0,1,0,0,3.0,1,-34.0,0
1998-06-26,Japan,Jamaica,1,2,1998,51.0,1641.0,47.0,1669.0,0,0,0,0,1,4.0,-1,-28.0,0
1998-06-26,Colombia,England,0,2,1998,28.0,1739.0,8.0,1945.0,3,9,0,0,1,20.0,-2,-206.0,0
1998-06-26,Romania,Tunisia,1,1,1998,11.0,1903.0,52.0,1632.0,6,1,0,1,0,-41.0,0,271.0,0
1998-06-27,Italy,Norway,1,0,1998,3.0,2020.0,16.0,1830.0,13,2,1,0,0,-13.0,1,190.0,1
1998-06-27,Brazil,Chile,4,1,1998,2.0,2051.0,25.0,1756.0,15,6,1,0,0,-23.0,3,295.0,1
1998-06-28,France,Paraguay,1,0,1998,1.0,2076.0,20.0,1805.0,9,4,1,0,0,-19.0,1,271.0,1
1998-06-28,Nigeria,Denmark,1,4,1998,38.0,1697.0,17.0,1820.0,1,1,0,0,1,21.0,-3,-123.0,0
1998-06-29,Germany,Mexico,2,1,1998,6.0,1978.0,15.0,1863.0,3,10,1,0,0,-9.0,1,115.0,1
1998-06-29,Netherlands,Yugoslavia,2,1,1998,4.0,1994.0,9.0,1943.0,6,8,1,0,0,-5.0,1,51.0,1
1998-06-30,Romania,Croatia,0,1,1998,11.0,1903.0,7.0,1964.0,6,0,0,0,1,4.0,-1,-61.0,0
1998-06-30,Argentina,England,2,2,1998,10.0,1930.0,8.0,1945.0,11,9,0,1,0,2.0,0,-15.0,0
1998-07-03,Italy,France,0,0,1998,3.0,2020.0,1.0,2076.0,13,9,0,1,0,2.0,0,-56.0,0
1998-07-03,Brazil,Denmark,3,2,1998,2.0,2051.0,17.0,1820.0,15,1,1,0,0,-15.0,1,231.0,1
1998-07-04,Netherlands,Argentina,2,1,1998,4.0,1994.0,10.0,1930.0,6,11,1,0,0,-6.0,1,64.0,1
1998-07-04,Germany,Croatia,0,3,1998,6.0,1978.0,7.0,1964.0,3,0,0,0,1,-1.0,-3,14.0,0
1998-07-07,Brazil,Netherlands,1,1,1998,2.0,2051.0,4.0,1994.0,15,6,0,1,0,-2.0,0,57.0,0
1998-07-08,France,Croatia,2,1,1998,1.0,2076.0,7.0,1964.0,9,0,1,0,0,-6.0,1,112.0,1
1998-07-11,Netherlands,Croatia,1,2,1998,4.0,1994.0,7.0,1964.0,6,0,0,0,1,-3.0,-1,30.0,0
1998-07-12,Brazil,France,0,3,1998,2.0,2051.0,1.0,2076.0,15,9,0,0,1,1.0,-3,-25.0,0
2002-05-31,France,Senegal,0,1,2002,5.0,1974.0,28.0,1780.0,10,0,0,0,1,-23.0,-1,194.0,0
2002-06-01,Republic of Ireland,Cameroon,1,1,2002,14.0,1848.0,24.0,1795.0,2,4,0,1,0,-10.0,0,53.0,0
2002-06-01,Uruguay,Denmark,1,2,2002,26.0,1788.0,9.0,1896.0,9,2,0,0,1,17.0,-1,-108.0,0
2002-06-01,Germany,Saudi Arabia,8,0,2002,7.0,1937.0,46.0,1669.0,4,2,1,0,0,-39.0,8,268.0,1
2002-06-02,Argentina,Nigeria,1,0,2002,4.0,1994.0,34.0,1744.0,12,2,1,0,0,-30.0,1,250.0,1
2002-06-02,Paraguay,South Africa,2,2,2002,31.0,1763.0,48.0,1666.0,5,1,0,1,0,-17.0,0,97.0,0
2002-06-02,England,Sweden,1,1,2002,6.0,1951.0,17.0,1824.0,10,9,0,1,0,-11.0,0,127.0,0
2002-06-02,Spain,Slovenia,3,1,2002,3.0,1998.0,49.0,1660.0,10,0,1,0,0,-46.0,2,338.0,1
2002-06-03,Croatia,Mexico,0,1,2002,21.0,1804.0,15.0,1832.0,1,11,0,0,1,6.0,-1,-28.0,0
2002-06-03,Brazil,Turkey,2,1,2002,1.0,2057.0,10.0,1895.0,16,1,1,0,0,-9.0,1,162.0,1
2002-06-03,Italy,Ecuador,2,0,2002,11.0,1878.0,35.0,1722.0,14,0,1,0,0,-24.0,2,156.0,1
2002-06-04,China,Costa Rica,0,2,2002,56.0,1604.0,32.0,1752.0,0,1,0,0,1,24.0,-2,-148.0,0
2002-06-04,Japan,Belgium,2,2,2002,20.0,1806.0,27.0,1785.0,1,10,0,1,0,-7.0,0,21.0,0
2002-06-04,South Korea,Poland,2,0,2002,29.0,1769.0,37.0,1709.0,5,5,1,0,0,-8.0,2,60.0,1
2002-06-05,Russia,Tunisia,2,0,2002,19.0,1809.0,52.0,1620.0,1,2,1,0,0,-33.0,2,189.0,1
2002-06-05,United States,Portugal,3,2,2002,16.0,1826.0,8.0,1930.0,6,2,1,0,0,8.0,1,-104.0,0
2002-06-05,Germany,Republic of Ireland,1,1,2002,7.0,1937.0,14.0,1848.0,4,2,0,1,0,-7.0,0,89.0,0
2002-06-06,Denmark,Senegal,1,1,2002,9.0,1896.0,28.0,1780.0,2,0,0,1,0,-19.0,0,116.0,0
2002-06-06,Cameroon,Saudi Arabia,1,0,2002,24.0,1795.0,46.0,1669.0,4,2,1,0,0,-22.0,1,126.0,1
2002-06-06,France,Uruguay,0,0,2002,5.0,1974.0,26.0,1788.0,10,9,0,1,0,-21.0,0,186.0,0
2002-06-07,Sweden,Nigeria,2,1,2002,17.0,1824.0,34.0,1744.0,9,2,1,0,0,-17.0,1,80.0,1
2002-06-07,Spain,Paraguay,3,1,2002,3.0,1998.0,31.0,1763.0,10,5,1,0,0,-28.0,2,235.0,1
2002-06-07,Argentina,England,0,1,2002,4.0,1994.0,6.0,1951.0,12,10,0,0,1,-2.0,-1,43.0,0
2002-06-08,South Africa,Slovenia,1,0,2002,48.0,1666.0,49.0,1660.0,1,0,1,0,0,-1.0,1,6.0,1
2002-06-08,Italy,Croatia,1,2,2002,11.0,1878.0,21.0,1804.0,14,1,0,0,1,-10.0,-1,74.0,0
2002-06-08,Brazil,China,4,0,2002,1.0,2057.0,56.0,1604.0,16,0,1,0,0,-55.0,4,453.0,1
2002-06-09,Mexico,Ecuador,2,1,2002,15.0,1832.0,35.0,1722.0,11,0,1,0,0,-20.0,1,110.0,1
2002-06-09,Costa Rica,Turkey,1,1,2002,32.0,1752.0,10.0,1895.0,1,1,0,1,0,22.0,0,-143.0,0
2002-06-09,Japan,Russia,1,0,2002,20.0,1806.0,19.0,1809.0,1,1,1,0,0,1.0,1,-3.0,0
2002-06-10,South Korea,United States,1,1,2002,29.0,1769.0,16.0,1826.0,5,6,0,1,0,13.0,0,-57.0,0
2002-06-10,Tunisia,Belgium,1,1,2002,52.0,1620.0,27.0,1785.0,2,10,0,1,0,25.0,0,-165.0,0
2002-06-10,Portugal,Poland,4,0,2002,8.0,1930.0,37.0,1709.0,2,5,1,0,0,-29.0,4,221.0,1
2002-06-11,Denmark,France,2,0,2002,9.0,1896.0,5.0,1974.0,2,10,1,0,0,4.0,2,-78.0,0
2002-06-11,Senegal,Uruguay,3,3,2002,28.0,1780.0,26.0,1788.0,0,9,0,1,0,2.0,0,-8.0,0
2002-06-11,Cameroon,Germany,0,2,2002,24.0,1795.0,7.0,1937.0,4,4,0,0,1,17.0,-2,-142.0,0
2002-06-11,Saudi Arabia,Republic of Ireland,0,3,2002,46.0,1669.0,14.0,1848.0,2,2,0,0,1,32.0,-3,-179.0,0
2002-06-12,Nigeria,England,0,0,2002,34.0,1744.0,6.0,1951.0,2,10,0,1,0,28.0,0,-207.0,0
2002-06-12,Sweden,Argentina,1,1,2002,17.0,1824.0,4.0,1994.0,9,12,0,1,0,13.0,0,-170.0,0
2002-06-12,Slovenia,Paraguay,1,3,2002,49.0,1660.0,31.0,1763.0,0,5,0,0,1,18.0,-2,-103.0,0
2002-06-12,South Africa,Spain,2,3,2002,48.0,1666.0,3.0,1998.0,1,10,0,0,1,45.0,-1,-332.0,0
2002-06-13,Costa Rica,Brazil,2,5,2002,32.0,1752.0,1.0,2057.0,1,16,0,0,1,31.0,-3,-305.0,0
2002-06-13,Turkey,China,3,0,2002,10.0,1895.0,56.0,1604.0,1,0,1,0,0,-46.0,3,291.0,1
2002-06-13,Ecuador,Croatia,1,0,2002,35.0,1722.0,21.0,1804.0,0,1,1,0,0,14.0,1,-82.0,0
2002-06-13,Mexico,Italy,1,1,2002,15.0,1832.0,11.0,1878.0,11,14,0,1,0,4.0,0,-46.0,0
2002-06-14,Belgium,Russia,3,2,2002,27.0,1785.0,19.0,1809.0,10,1,1,0,0,8.0,1,-24.0,0
2002-06-14,Tunisia,Japan,0,2,2002,52.0,1620.0,20.0,1806.0,2,1,0,0,1,32.0,-2,-186.0,0
2002-06-14,Poland,United States,3,1,2002,37.0,1709.0,16.0,1826.0,5,6,1,0,0,21.0,2,-117.0,0
2002-06-14,Portugal,South Korea,0,1,2002,8.0,1930.0,29.0,1769.0,2,5,0,0,1,-21.0,-1,161.0,0
2002-06-15,Germany,Paraguay,1,0,2002,7.0,1937.0,31.0,1763.0,4,5,1,0,0,-24.0,1,174.0,1
2002-06-15,Denmark,England,0,3,2002,9.0,1896.0,6.0,1951.0,2,10,0,0,1,3.0,-3,-55.0,0
2002-06-16,Sweden,Senegal,1,2,2002,17.0,1824.0,28.0,1780.0,9,0,0,0,1,-11.0,-1,44.0,0
2002-06-16,Spain,Republic of Ireland,1,1,2002,3.0,1998.0,14.0,1848.0,10,2,0,1,0,-11.0,0,150.0,0
2002-06-17,Mexico,United States,0,2,2002,15.0,1832.0,16.0,1826.0,11,6,0,0,1,-1.0,-2,6.0,0
2002-06-17,Brazil,Belgium,2,0,2002,1.0,2057.0,27.0,1785.0,16,10,1,0,0,-26.0,2,272.0,1
2002-06-18,Japan,Turkey,0,1,2002,20.0,1806.0,10.0,1895.0,1,1,0,0,1,10.0,-1,-89.0,0
2002-06-18,South Korea,Italy,2,1,2002,29.0,1769.0,11.0,1878.0,5,14,1,0,0,18.0,1,-109.0,0
2002-06-21,England,Brazil,1,2,2002,6.0,1951.0,1.0,2057.0,10,16,0,0,1,5.0,-1,-106.0,0
2002-06-21,Germany,United States,1,0,2002,7.0,1937.0,16.0,1826.0,4,6,1,0,0,-9.0,1,111.0,1
2002-06-22,Spain,South Korea,0,0,2002,3.0,1998.0,29.0,1769.0,10,5,0,1,0,-26.0,0,229.0,0
2002-06-22,Senegal,Turkey,0,1,2002,28.0,1780.0,10.0,1895.0,0,1,0,0,1,18.0,-1,-115.0,0
2002-06-25,Germany,South Korea,1,0,2002,7.0,1937.0,29.0,1769.0,4,5,1,0,0,-22.0,1,168.0,1
2002-06-26,Brazil,Turkey,1,0,2002,1.0,2057.0,10.0,1895.0,16,1,1,0,0,-9.0,1,162.0,1
2002-06-29,South Korea,Turkey,2,3,2002,29.0,1769.0,10.0,1895.0,5,1,0,0,1,19.0,-1,-126.0,0
2002-06-30,Germany,Brazil,0,2,2002,7.0,1937.0,1.0,2057.0,4,16,0,0,1,6.0,-2,-120.0,0
2006-06-09,Germany,Costa Rica,4,2,2006,6.0,1977.0,50.0,1633.0,5,2,1,0,0,-44.0,2,344.0,1
2006-06-09,Poland,Ecuador,0,2,2006,24.0,1780.0,33.0,1759.0,6,1,0,0,1,-9.0,-2,21.0,0
2006-06-10,England,Paraguay,1,0,2006,7.0,1960.0,32.0,1760.0,11,6,1,0,0,-25.0,1,200.0,1
2006-06-10,Trinidad and Tobago,Sweden,0,0,2006,72.0,1552.0,14.0,1870.0,0,10,0,1,0,58.0,0,-318.0,0
2006-06-10,Argentina,Ivory Coast,2,1,2006,5.0,1979.0,27.0,1772.0,13,0,1,0,0,-22.0,1,207.0,1
2006-06-11,Serbia and Montenegro,Netherlands,0,1,2006,40.0,1690.0,4.0,1991.0,0,7,0,0,1,36.0,-1,-301.0,0
2006-06-11,Mexico,Iran,3,1,2006,19.0,1817.0,28.0,1768.0,12,2,1,0,0,-9.0,2,49.0,1
2006-06-11,Angola,Portugal,0,1,2006,58.0,1592.0,10.0,1895.0,0,3,0,0,1,48.0,-1,-303.0,0
2006-06-12,Australia,Japan,3,1,2006,30.0,1763.0,40.0,1729.0,1,2,1,0,0,-10.0,2,34.0,1
2006-06-12,United States,Czech Republic,0,3,2006,25.0,1775.0,11.0,1886.0,7,0,0,0,1,14.0,-3,-111.0,0
2006-06-12,Italy,Ghana,2,0,2006,3.0,2020.0,34.0,1755.0,15,0,1,0,0,-31.0,2,265.0,1
2006-06-13,South Korea,Togo,2,1,2006,46.0,1668.0,97.0,1438.0,6,0,1,0,0,-51.0,1,230.0,1
2006-06-13,France,Switzerland,0,0,2006,2.0,2062.0,15.0,1847.0,11,7,0,1,0,-13.0,0,215.0,0
2006-06-13,Brazil,Croatia,1,0,2006,1.0,2081.0,9.0,1897.0,17,2,1,0,0,-8.0,1,184.0,1
2006-06-14,Spain,Ukraine,4,0,2006,12.0,1884.0,20.0,1806.0,11,0,1,0,0,-8.0,4,78.0,1
2006-06-14,Tunisia,Saudi Arabia,2,2,2006,49.0,1644.0,55.0,1599.0,3,3,0,1,0,-6.0,0,45.0,0
2006-06-14,Germany,Poland,1,0,2006,6.0,1977.0,24.0,1780.0,5,6,1,0,0,-18.0,1,197.0,1
2006-06-15,Ecuador,Costa Rica,3,0,2006,33.0,1759.0,50.0,1633.0,1,2,1,0,0,-17.0,3,126.0,1
2006-06-15,England,Trinidad and Tobago,2,0,2006,7.0,1960.0,72.0,1552.0,11,0,1,0,0,-65.0,2,408.0,1
2006-06-15,Sweden,Paraguay,1,0,2006,14.0,1870.0,32.0,1760.0,10,6,1,0,0,-18.0,1,110.0,1
2006-06-16,Argentina,Serbia and Montenegro,6,0,2006,5.0,1979.0,40.0,1690.0,13,0,1,0,0,-35.0,6,289.0,1
2006-06-16,Netherlands,Ivory Coast,2,1,2006,4.0,1991.0,27.0,1772.0,7,0,1,0,0,-23.0,1,219.0,1
2006-06-16,Mexico,Angola,0,0,2006,19.0,1817.0,58.0,1592.0,12,0,0,1,0,-39.0,0,225.0,0
2006-06-17,Portugal,Iran,2,0,2006,10.0,1895.0,28.0,1768.0,3,2,1,0,0,-18.0,2,127.0,1
2006-06-17,Czech Republic,Ghana,0,2,2006,11.0,1886.0,34.0,1755.0,0,0,0,0,1,-23.0,-2,131.0,0
2006-06-17,Italy,United States,1,1,2006,3.0,2020.0,25.0,1775.0,15,7,0,1,0,-22.0,0,245.0,0
2006-06-18,Japan,Croatia,0,0,2006,40.0,1729.0,9.0,1897.0,2,2,0,1,0,31.0,0,-168.0,0
2006-06-18,Brazil,Australia,2,0,2006,1.0,2081.0,30.0,1763.0,17,1,1,0,0,-29.0,2,318.0,1
2006-06-18,France,South Korea,1,1,2006,2.0,2062.0,46.0,1668.0,11,6,0,1,0,-44.0,0,394.0,0
2006-06-19,Togo,Switzerland,0,2,2006,97.0,1438.0,15.0,1847.0,0,7,0,0,1,82.0,-2,-409.0,0
2006-06-19,Saudi Arabia,Ukraine,0,4,2006,55.0,1599.0,20.0,1806.0,3,0,0,0,1,35.0,-4,-207.0,0
2006-06-19,Spain,Tunisia,3,1,2006,12.0,1884.0,49.0,1644.0,11,3,1,0,0,-37.0,2,240.0,1
2006-06-20,Costa Rica,Poland,1,2,2006,50.0,1633.0,24.0,1780.0,2,6,0,0,1,26.0,-1,-147.0,0
2006-06-20,Ecuador,Germany,0,3,2006,33.0,1759.0,6.0,1977.0,1,5,0,0,1,27.0,-3,-218.0,0
2006-06-20,Paraguay,Trinidad and Tobago,2,0,2006,32.0,1760.0,72.0,1552.0,6,0,1,0,0,-40.0,2,208.0,1
2006-06-20,Sweden,England,2,2,2006,14.0,1870.0,7.0,1960.0,10,11,0,1,0,7.0,0,-90.0,0
2006-06-21,Iran,Angola,1,1,2006,28.0,1768.0,58.0,1592.0,2,0,0,1,0,-30.0,0,176.0,0
2006-06-21,Portugal,Mexico,2,1,2006,10.0,1895.0,19.0,1817.0,3,12,1,0,0,-9.0,1,78.0,1
2006-06-21,Ivory Coast,Serbia and Montenegro,3,2,2006,27.0,1772.0,40.0,1690.0,0,0,1,0,0,-13.0,1,82.0,1
2006-06-21,Netherlands,Argentina,0,0,2006,4.0,1991.0,5.0,1979.0,7,13,0,1,0,-1.0,0,12.0,0
2006-06-22,Czech Republic,Italy,0,2,2006,11.0,1886.0,3.0,2020.0,0,15,0,0,1,8.0,-2,-134.0,0
2006-06-22,Ghana,United States,2,1,2006,34.0,1755.0,25.0,1775.0,0,7,1,0,0,9.0,1,-20.0,0
2006-06-22,Croatia,Australia,2,2,2006,9.0,1897.0,30.0,1763.0,2,1,0,1,0,-21.0,0,134.0,0
2006-06-22,Japan,Brazil,1,4,2006,40.0,1729.0,1.0,2081.0,2,17,0,0,1,39.0,-3,-352.0,0
2006-06-23,Saudi Arabia,Spain,0,1,2006,55.0,1599.0,12.0,1884.0,3,11,0,0,1,43.0,-1,-285.0,0
2006-06-23,Ukraine,Tunisia,1,0,2006,20.0,1806.0,49.0,1644.0,0,3,1,0,0,-29.0,1,162.0,1
2006-06-23,Switzerland,South Korea,2,0,2006,15.0,1847.0,46.0,1668.0,7,6,1,0,0,-31.0,2,179.0,1
2006-06-23,Togo,France,0,2,2006,97.0,1438.0,2.0,2062.0,0,11,0,0,1,95.0,-2,-624.0,0
2006-06-24,Germany,Sweden,2,0,2006,6.0,1977.0,14.0,1870.0,5,10,1,0,0,-8.0,2,107.0,1
2006-06-24,Argentina,Mexico,2,1,2006,5.0,1979.0,19.0,1817.0,13,12,1,0,0,-14.0,1,162.0,1
2006-06-25,England,Ecuador,1,0,2006,7.0,1960.0,33.0,1759.0,11,1,1,0,0,-26.0,1,201.0,1
2006-06-25,Portugal,Netherlands,1,0,2006,10.0,1895.0,4.0,1991.0,3,7,1,0,0,6.0,1,-96.0,0
2006-06-26,Italy,Australia,1,0,2006,3.0,2020.0,30.0,1763.0,15,1,1,0,0,-27.0,1,257.0,1
2006-06-26,Switzerland,Ukraine,0,0,2006,15.0,1847.0,20.0,1806.0,7,0,0,1,0,-5.0,0,41.0,0
2006-06-27,Brazil,Ghana,3,0,2006,1.0,2081.0,34.0,1755.0,17,0,1,0,0,-33.0,3,326.0,1
2006-06-27,Spain,France,1,3,2006,12.0,1884.0,2.0,2062.0,11,11,0,0,1,10.0,-2,-178.0,0
2006-06-30,Germany,Argentina,1,1,2006,6.0,1977.0,5.0,1979.0,5,13,0,1,0,1.0,0,-2.0,0
2006-06-30,Italy,Ukraine,3,0,2006,3.0,2020.0,20.0,1806.0,15,0,1,0,0,-17.0,3,214.0,1
2006-07-01,England,Portugal,0,0,2006,7.0,1960.0,10.0,1895.0,11,3,0,1,0,-3.0,0,65.0,0
2006-07-01,Brazil,France,0,1,2006,1.0,2081.0,2.0,2062.0,17,11,0,0,1,-1.0,-1,19.0,0
2006-07-04,Germany,Italy,0,2,2006,6.0,1977.0,3.0,2020.0,5,15,0,0,1,3.0,-2,-43.0,0
2006-07-05,Portugal,France,0,1,2006,10.0,1895.0,2.0,2062.0,3,11,0,0,1,8.0,-1,-167.0,0
2006-07-08,Germany,Portugal,3,1,2006,6.0,1977.0,10.0,1895.0,5,3,1,0,0,-4.0,2,82.0,1
2006-07-09,Italy,France,1,1,2006,3.0,2020.0,2.0,2062.0,15,11,0,1,0,1.0,0,-42.0,0
2010-06-11,South Africa,Mexico,1,1,2010,58.0,1608.0,11.0,1846.0,2,13,0,1,0,47.0,0,-238.0,0
2010-06-11,Uruguay,France,0,0,2010,10.0,1892.0,17.0,1802.0,10,12,0,1,0,-7.0,0,90.0,0
2010-06-12,South Korea,Greece,2,0,2010,30.0,1741.0,26.0,1750.0,7,1,1,0,0,4.0,2,-9.0,0
2010-06-12,Argentina,Nigeria,1,0,2010,5.0,1992.0,50.0,1653.0,14,3,1,0,0,-45.0,1,339.0,1
2010-06-12,England,United States,1,1,2010,6.0,1924.0,23.0,1768.0,12,8,0,1,0,-17.0,0,156.0,0
2010-06-13,Algeria,Slovenia,0,1,2010,98.0,1464.0,39.0,1694.0,2,1,0,0,1,59.0,-1,-230.0,0
2010-06-13,Serbia,Ghana,0,1,2010,27.0,1743.0,28.0,1742.0,0,1,0,0,1,-1.0,-1,1.0,0
2010-06-13,Germany,Australia,4,0,2010,4.0,2067.0,22.0,1776.0,6,2,1,0,0,-18.0,4,291.0,1
2010-06-14,Netherlands,Denmark,2,0,2010,2.0,2105.0,32.0,1732.0,8,3,1,0,0,-30.0,2,373.0,1
2010-06-14,Japan,Cameroon,1,0,2010,18.0,1787.0,51.0,1649.0,3,5,1,0,0,-33.0,1,138.0,1
2010-06-14,Italy,Paraguay,1,1,2010,12.0,1833.0,19.0,1785.0,16,7,0,1,0,-7.0,0,48.0,0
2010-06-15,New Zealand,Slovakia,1,1,2010,69.0,1572.0,48.0,1657.0,1,0,0,1,0,21.0,0,-85.0,0
2010-06-15,Ivory Coast,Portugal,0,0,2010,35.0,1716.0,8.0,1897.0,1,4,0,1,0,27.0,0,-181.0,0
2010-06-15,Brazil,North Korea,2,1,2010,3.0,2095.0,80.0,1526.0,18,1,1,0,0,-77.0,1,569.0,1
2010-06-16,Honduras,Chile,0,1,2010,42.0,1677.0,9.0,1894.0,1,7,0,0,1,33.0,-1,-217.0,0
2010-06-16,Spain,Switzerland,0,1,2010,1.0,2116.0,25.0,1754.0,12,8,0,0,1,-24.0,-1,362.0,0
2010-06-16,South Africa,Uruguay,0,3,2010,58.0,1608.0,10.0,1892.0,2,10,0,0,1,48.0,-3,-284.0,0
2010-06-17,Argentina,South Korea,4,1,2010,5.0,1992.0,30.0,1741.0,14,7,1,0,0,-25.0,3,251.0,1
2010-06-17,Greece,Nigeria,2,1,2010,26.0,1750.0,50.0,1653.0,1,3,1,0,0,-24.0,1,97.0,1
2010-06-17,France,Mexico,0,2,2010,17.0,1802.0,11.0,1846.0,12,13,0,0,1,6.0,-2,-44.0,0
2010-06-18,Germany,Serbia,0,1,2010,4.0,2067.0,27.0,1743.0,6,0,0,0,1,-23.0,-1,324.0,0
2010-06-18,Slovenia,United States,2,2,2010,39.0,1694.0,23.0,1768.0,1,8,0,1,0,16.0,0,-74.0,0
2010-06-18,England,Algeria,0,0,2010,6.0,1924.0,98.0,1464.0,12,2,0,1,0,-92.0,0,460.0,0
2010-06-19,Netherlands,Japan,1,0,2010,2.0,2105.0,18.0,1787.0,8,3,1,0,0,-16.0,1,318.0,1
2010-06-19,Ghana,Australia,1,1,2010,28.0,1742.0,22.0,1776.0,1,2,0,1,0,6.0,0,-34.0,0
2010-06-19,Cameroon,Denmark,1,2,2010,51.0,1649.0,32.0,1732.0,5,3,0,0,1,19.0,-1,-83.0,0
2010-06-20,Slovakia,Paraguay,0,2,2010,48.0,1657.0,19.0,1785.0,0,7,0,0,1,29.0,-2,-128.0,0
2010-06-20,Italy,New Zealand,1,1,2010,12.0,1833.0,69.0,1572.0,16,1,0,1,0,-57.0,0,261.0,0
2010-06-20,Brazil,Ivory Coast,3,1,2010,3.0,2095.0,35.0,1716.0,18,1,1,0,0,-32.0,2,379.0,1
2010-06-21,Portugal,North Korea,7,0,2010,8.0,1897.0,80.0,1526.0,4,1,1,0,0,-72.0,7,371.0,1
2010-06-21,Chile,Switzerland,1,0,2010,9.0,1894.0,25.0,1754.0,7,8,1,0,0,-16.0,1,140.0,1
2010-06-21,Spain,Honduras,2,0,2010,1.0,2116.0,42.0,1677.0,12,1,1,0,0,-41.0,2,439.0,1
2010-06-22,France,South Africa,1,2,2010,17.0,1802.0,58.0,1608.0,12,2,0,0,1,-41.0,-1,194.0,0
2010-06-22,Mexico,Uruguay,0,1,2010,11.0,1846.0,10.0,1892.0,13,10,0,0,1,1.0,-1,-46.0,0
2010-06-22,Greece,Argentina,0,2,2010,26.0,1750.0,5.0,1992.0,1,14,0,0,1,21.0,-2,-242.0,0
2010-06-22,Nigeria,South Korea,2,2,2010,50.0,1653.0,30.0,1741.0,3,7,0,1,0,20.0,0,-88.0,0
2010-06-23,Slovenia,England,0,1,2010,39.0,1694.0,6.0,1924.0,1,12,0,0,1,33.0,-1,-230.0,0
2010-06-23,United States,Algeria,1,0,2010,23.0,1768.0,98.0,1464.0,8,2,1,0,0,-75.0,1,304.0,1
2010-06-23,Australia,Serbia,2,1,2010,22.0,1776.0,27.0,1743.0,2,0,1,0,0,-5.0,1,33.0,1
2010-06-23,Ghana,Germany,0,1,2010,28.0,1742.0,4.0,2067.0,1,6,0,0,1,24.0,-1,-325.0,0
2010-06-24,Paraguay,New Zealand,0,0,2010,19.0,1785.0,69.0,1572.0,7,1,0,1,0,-50.0,0,213.0,0
2010-06-24,Slovakia,Italy,3,2,2010,48.0,1657.0,12.0,1833.0,0,16,1,0,0,36.0,1,-176.0,0
2010-06-24,Cameroon,Netherlands,1,2,2010,51.0,1649.0,2.0,2105.0,5,8,0,0,1,49.0,-1,-456.0,0
2010-06-24,Denmark,Japan,1,3,2010,32.0,1732.0,18.0,1787.0,3,3,0,0,1,14.0,-2,-55.0,0
2010-06-25,North Korea,Ivory Coast,0,3,2010,80.0,1526.0,35.0,1716.0,1,1,0,0,1,45.0,-3,-190.0,0
2010-06-25,Portugal,Brazil,0,0,2010,8.0,1897.0,3.0,2095.0,4,18,0,1,0,5.0,0,-198.0,0
2010-06-25,Chile,Spain,1,2,2010,9.0,1894.0,1.0,2116.0,7,12,0,0,1,8.0,-1,-222.0,0
2010-06-25,Switzerland,Honduras,0,0,2010,25.0,1754.0,42.0,1677.0,8,1,0,1,0,-17.0,0,77.0,0
2010-06-26,Uruguay,South Korea,2,1,2010,10.0,1892.0,30.0,1741.0,10,7,1,0,0,-20.0,1,151.0,1
2010-06-26,United States,Ghana,1,2,2010,23.0,1768.0,28.0,1742.0,8,1,0,0,1,-5.0,-1,26.0,0
2010-06-27,Germany,England,4,1,2010,4.0,2067.0,6.0,1924.0,6,12,1,0,0,-2.0,3,143.0,1
2010-06-27,Argentina,Mexico,3,1,2010,5.0,1992.0,11.0,1846.0,14,13,1,0,0,-6.0,2,146.0,1
2010-06-28,Netherlands,Slovakia,2,1,2010,2.0,2105.0,48.0,1657.0,8,0,1,0,0,-46.0,1,448.0,1
2010-06-28,Brazil,Chile,3,0,2010,3.0,2095.0,9.0,1894.0,18,7,1,0,0,-6.0,3,201.0,1
2010-06-29,Paraguay,Japan,0,0,2010,19.0,1785.0,18.0,1787.0,7,3,0,1,0,1.0,0,-2.0,0
2010-06-29,Spain,Portugal,1,0,2010,1.0,2116.0,8.0,1897.0,12,4,1,0,0,-7.0,1,219.0,1
2010-07-02,Netherlands,Brazil,2,1,2010,2.0,2105.0,3.0,2095.0,8,18,1,0,0,-1.0,1,10.0,1
2010-07-02,Uruguay,Ghana,1,1,2010,10.0,1892.0,28.0,1742.0,10,1,0,1,0,-18.0,0,150.0,0
2010-07-03,Argentina,Germany,0,4,2010,5.0,1992.0,4.0,2067.0,14,6,0,0,1,1.0,-4,-75.0,0
2010-07-03,Paraguay,Spain,0,1,2010,19.0,1785.0,1.0,2116.0,7,12,0,0,1,18.0,-1,-331.0,0
2010-07-06,Uruguay,Netherlands,2,3,2010,10.0,1892.0,2.0,2105.0,10,8,0,0,1,8.0,-1,-213.0,0
2010-07-07,Germany,Spain,0,1,2010,4.0,2067.0,1.0,2116.0,6,12,0,0,1,3.0,-1,-49.0,0
2010-07-10,Uruguay,Germany,2,3,2010,10.0,1892.0,4.0,2067.0,10,6,0,0,1,6.0,-1,-175.0,0
2010-07-11,Netherlands,Spain,0,1,2010,2.0,2105.0,1.0,2116.0,8,12,0,0,1,1.0,-1,-11.0,0
2014-06-12,Brazil,Croatia,3,1,2014,3.0,2042.0,17.0,1825.0,19,3,1,0,0,-14.0,2,217.0,1
2014-06-13,Mexico,Cameroon,1,0,2014,13.0,1892.0,51.0,1644.0,14,6,1,0,0,-38.0,1,248.0,1
2014-06-13,Spain,Netherlands,1,5,2014,8.0,1954.0,4.0,2030.0,13,9,0,0,1,4.0,-4,-76.0,0
2014-06-13,Chile,Australia,3,1,2014,7.0,1963.0,49.0,1653.0,8,3,1,0,0,-42.0,2,310.0,1
2014-06-14,Colombia,Greece,3,0,2014,5.0,2019.0,44.0,1672.0,4,2,1,0,0,-39.0,3,347.0,1
2014-06-14,Uruguay,Costa Rica,1,3,2014,11.0,1908.0,15.0,1866.0,11,3,0,0,1,-4.0,-2,42.0,0
2014-06-14,England,Italy,1,2,2014,9.0,1924.0,14.0,1885.0,13,17,0,0,1,-5.0,-1,39.0,0
2014-06-14,Ivory Coast,Japan,2,1,2014,36.0,1690.0,29.0,1728.0,2,4,1,0,0,7.0,1,-38.0,0
2014-06-15,Switzerland,Ecuador,2,1,2014,21.0,1792.0,16.0,1847.0,9,2,1,0,0,5.0,1,-55.0,0
2014-06-15,France,Honduras,3,0,2014,6.0,1966.0,68.0,1552.0,13,2,1,0,0,-62.0,3,414.0,1
2014-06-15,Argentina,Bosnia and Herzegovina,2,1,2014,2.0,2050.0,35.0,1710.0,15,0,1,0,0,-33.0,1,340.0,1
2014-06-16,Germany,Portugal,4,0,2014,1.0,2134.0,10.0,1910.0,7,5,1,0,0,-9.0,4,224.0,1
2014-06-16,Iran,Nigeria,0,0,2014,44.0,1672.0,41.0,1678.0,3,4,0,1,0,3.0,0,-6.0,0
2014-06-16,Ghana,United States,1,2,2014,40.0,1683.0,19.0,1813.0,2,9,0,0,1,21.0,-1,-130.0,0
2014-06-17,Belgium,Algeria,2,1,2014,12.0,1899.0,42.0,1674.0,11,3,1,0,0,-30.0,1,225.0,1
2014-06-17,Brazil,Mexico,0,0,2014,3.0,2042.0,13.0,1892.0,19,14,0,1,0,-10.0,0,150.0,0
2014-06-17,Russia,South Korea,1,1,2014,24.0,1779.0,54.0,1633.0,2,8,0,1,0,-30.0,0,146.0,0
2014-06-18,Australia,Netherlands,2,3,2014,49.0,1653.0,4.0,2030.0,3,9,0,0,1,45.0,-1,-377.0,0
2014-06-18,Spain,Chile,0,2,2014,8.0,1954.0,7.0,1963.0,13,8,0,0,1,1.0,-2,-9.0,0
2014-06-18,Cameroon,Croatia,0,4,2014,51.0,1644.0,17.0,1825.0,6,3,0,0,1,34.0,-4,-181.0,0
2014-06-19,Colombia,Ivory Coast,2,1,2014,5.0,2019.0,36.0,1690.0,4,2,1,0,0,-31.0,1,329.0,1
2014-06-19,Uruguay,England,2,1,2014,11.0,1908.0,9.0,1924.0,11,13,1,0,0,2.0,1,-16.0,0
2014-06-19,Japan,Greece,0,0,2014,29.0,1728.0,44.0,1672.0,4,2,0,1,0,-15.0,0,56.0,0
2014-06-20,Italy,Costa Rica,0,1,2014,14.0,1885.0,15.0,1866.0,17,3,0,0,1,-1.0,-1,19.0,0
2014-06-20,Switzerland,France,2,5,2014,21.0,1792.0,6.0,1966.0,9,13,0,0,1,15.0,-3,-174.0,0
2014-06-20,Honduras,Ecuador,1,2,2014,68.0,1552.0,16.0,1847.0,2,2,0,0,1,52.0,-1,-295.0,0
2014-06-21,Argentina,Iran,1,0,2014,2.0,2050.0,44.0,1672.0,15,3,1,0,0,-42.0,1,378.0,1
2014-06-21,Germany,Ghana,2,2,2014,1.0,2134.0,40.0,1683.0,7,2,0,1,0,-39.0,0,451.0,0
2014-06-21,Nigeria,Bosnia and Herzegovina,1,0,2014,41.0,1678.0,35.0,1710.0,4,0,1,0,0,6.0,1,-32.0,0
2014-06-22,Belgium,Russia,1,0,2014,12.0,1899.0,24.0,1779.0,11,2,1,0,0,-12.0,1,120.0,1
2014-06-22,South Korea,Algeria,2,4,2014,54.0,1633.0,42.0,1674.0,8,3,0,0,1,12.0,-2,-41.0,0
2014-06-22,United States,Portugal,2,2,2014,19.0,1813.0,10.0,1910.0,9,5,0,1,0,9.0,0,-97.0,0
2014-06-23,Australia,Spain,0,3,2014,49.0,1653.0,8.0,1954.0,3,13,0,0,1,41.0,-3,-301.0,0
2014-06-23,Netherlands,Chile,2,0,2014,4.0,2030.0,7.0,1963.0,9,8,1,0,0,-3.0,2,67.0,1
2014-06-23,Cameroon,Brazil,1,4,2014,51.0,1644.0,3.0,2042.0,6,19,0,0,1,48.0,-3,-398.0,0
2014-06-23,Croatia,Mexico,1,3,2014,17.0,1825.0,13.0,1892.0,3,14,0,0,1,4.0,-2,-67.0,0
2014-06-24,Costa Rica,England,0,0,2014,15.0,1866.0,9.0,1924.0,3,13,0,1,0,6.0,0,-58.0,0
2014-06-24,Italy,Uruguay,0,1,2014,14.0,1885.0,11.0,1908.0,17,11,0,0,1,3.0,-1,-23.0,0
2014-06-24,Japan,Colombia,1,4,2014,29.0,1728.0,5.0,2019.0,4,4,0,0,1,24.0,-3,-291.0,0
2014-06-24,Greece,Ivory Coast,2,1,2014,44.0,1672.0,36.0,1690.0,2,2,1,0,0,8.0,1,-18.0,0
2014-06-25,Bosnia and Herzegovina,Iran,3,1,2014,35.0,1710.0,44.0,1672.0,0,3,1,0,0,-9.0,2,38.0,1
2014-06-25,Nigeria,Argentina,2,3,2014,41.0,1678.0,2.0,2050.0,4,15,0,0,1,39.0,-1,-372.0,0
2014-06-25,Honduras,Switzerland,0,3,2014,68.0,1552.0,21.0,1792.0,2,9,0,0,1,47.0,-3,-240.0,0
2014-06-25,Ecuador,France,0,0,2014,16.0,1847.0,6.0,1966.0,2,13,0,1,0,10.0,0,-119.0,0
2014-06-26,Portugal,Ghana,2,1,2014,10.0,1910.0,40.0,1683.0,5,2,1,0,0,-30.0,1,227.0,1
2014-06-26,United States,Germany,0,1,2014,19.0,1813.0,1.0,2134.0,9,7,0,0,1,18.0,-1,-321.0,0
2014-06-26,Algeria,Russia,1,1,2014,42.0,1674.0,24.0,1779.0,3,2,0,1,0,18.0,0,-105.0,0
2014-06-26,South Korea,Belgium,0,1,2014,54.0,1633.0,12.0,1899.0,8,11,0,0,1,42.0,-1,-266.0,0
2014-06-28,Brazil,Chile,1,1,2014,3.0,2042.0,7.0,1963.0,19,8,0,1,0,-4.0,0,79.0,0
2014-06-28,Colombia,Uruguay,2,0,2014,5.0,2019.0,11.0,1908.0,4,11,1,0,0,-6.0,2,111.0,1
2014-06-29,Netherlands,Mexico,2,1,2014,4.0,2030.0,13.0,1892.0,9,14,1,0,0,-9.0,1,138.0,1
2014-06-29,Costa Rica,Greece,1,1,2014,15.0,1866.0,44.0,1672.0,3,2,0,1,0,-29.0,0,194.0,0
2014-06-30,France,Nigeria,2,0,2014,6.0,1966.0,41.0,1678.0,13,4,1,0,0,-35.0,2,288.0,1
2014-06-30,Germany,Algeria,2,1,2014,1.0,2134.0,42.0,1674.0,7,3,1,0,0,-41.0,1,460.0,1
2014-07-01,Argentina,Switzerland,1,0,2014,2.0,2050.0,21.0,1792.0,15,9,1,0,0,-19.0,1,258.0,1
2014-07-01,Belgium,United States,2,1,2014,12.0,1899.0,19.0,1813.0,11,9,1,0,0,-7.0,1,86.0,1
2014-07-04,France,Germany,0,1,2014,6.0,1966.0,1.0,2134.0,13,7,0,0,1,5.0,-1,-168.0,0
2014-07-04,Brazil,Colombia,2,1,2014,3.0,2042.0,5.0,2019.0,19,4,1,0,0,-2.0,1,23.0,1
2014-07-05,Argentina,Belgium,1,0,2014,2.0,2050.0,12.0,1899.0,15,11,1,0,0,-10.0,1,151.0,1
2014-07-05,Netherlands,Costa Rica,0,0,2014,4.0,2030.0,15.0,1866.0,9,3,0,1,0,-11.0,0,164.0,0
2014-07-08,Brazil,Germany,1,7,2014,3.0,2042.0,1.0,2134.0,19,7,0,0,1,2.0,-6,-92.0,0
2014-07-09,Netherlands,Argentina,0,0,2014,4.0,2030.0,2.0,2050.0,9,15,0,1,0,2.0,0,-20.0,0
2014-07-12,Brazil,Netherlands,0,3,2014,3.0,2042.0,4.0,2030.0,19,9,0,0,1,-1.0,-3,12.0,0
2014-07-13,Germany,Argentina,1,0,2014,1.0,2134.0,2.0,2050.0,7,15,1,0,0,-1.0,1,84.0,1
2018-06-14,Russia,Saudi Arabia,5,0,2018,30.0,1753.0,62.0,1580.0,3,4,1,0,0,-32.0,5,173.0,1
2018-06-15,Egypt,Uruguay,0,1,2018,53.0,1617.0,11.0,1923.0,2,12,0,0,1,42.0,-1,-306.0,0
2018-06-15,Morocco,Iran,0,1,2018,37.0,1730.0,19.0,1823.0,4,4,0,0,1,18.0,-1,-93.0,0
2018-06-15,Portugal,Spain,3,3,2018,8.0,1959.0,4.0,2011.0,6,14,0,1,0,4.0,0,-52.0,0
2018-06-16,France,Australia,2,1,2018,2.0,2094.0,35.0,1735.0,14,4,1,0,0,-33.0,1,359.0,1
2018-06-16,Argentina,Iceland,1,1,2018,13.0,1915.0,46.0,1669.0,16,0,0,1,0,-33.0,0,246.0,0
2018-06-16,Peru,Denmark,0,1,2018,16.0,1855.0,14.0,1898.0,4,4,0,0,1,2.0,-1,-43.0,0
2018-06-16,Croatia,Nigeria,2,0,2018,10.0,1925.0,42.0,1713.0,4,5,1,0,0,-32.0,2,212.0,1
2018-06-17,Costa Rica,Serbia,0,1,2018,40.0,1724.0,20.0,1808.0,4,1,0,0,1,20.0,-1,-84.0,0
2018-06-17,Germany,Mexico,0,1,2018,9.0,1938.0,22.0,1787.0,8,15,0,0,1,-13.0,-1,151.0,0
2018-06-17,Brazil,Switzerland,1,1,2018,1.0,2136.0,12.0,1922.0,20,10,0,1,0,-11.0,0,214.0,0
2018-06-18,Sweden,South Korea,1,0,2018,17.0,1851.0,23.0,1778.0,11,9,1,0,0,-6.0,1,73.0,1
2018-06-18,Belgium,Panama,3,0,2018,3.0,2035.0,65.0,1568.0,12,0,1,0,0,-62.0,3,467.0,1
2018-06-18,Tunisia,England,1,2,2018,48.0,1650.0,7.0,1960.0,4,14,0,0,1,41.0,-1,-310.0,0
2018-06-19,Colombia,Japan,1,2,2018,6.0,1961.0,36.0,1731.0,5,5,0,0,1,-30.0,-1,230.0,0
2018-06-19,Poland,Senegal,1,2,2018,32.0,1752.0,28.0,1758.0,7,1,0,0,1,4.0,-1,-6.0,0
2018-06-19,Russia,Egypt,3,1,2018,30.0,1753.0,53.0,1617.0,3,2,1,0,0,-23.0,2,136.0,1
2018-06-20,Portugal,Morocco,1,0,2018,8.0,1959.0,37.0,1730.0,6,4,1,0,0,-29.0,1,229.0,1
2018-06-20,Uruguay,Saudi Arabia,1,0,2018,11.0,1923.0,62.0,1580.0,12,4,1,0,0,-51.0,1,343.0,1
2018-06-20,Iran,Spain,0,1,2018,19.0,1823.0,4.0,2011.0,4,14,0,0,1,15.0,-1,-188.0,0
2018-06-21,Denmark,Australia,1,1,2018,14.0,1898.0,35.0,1735.0,4,4,0,1,0,-21.0,0,163.0,0
2018-06-21,France,Peru,1,0,2018,2.0,2094.0,16.0,1855.0,14,4,1,0,0,-14.0,1,239.0,1
2018-06-21,Argentina,Croatia,0,3,2018,13.0,1915.0,10.0,1925.0,16,4,0,0,1,3.0,-3,-10.0,0
2018-06-22,Brazil,Costa Rica,2,0,2018,1.0,2136.0,40.0,1724.0,20,4,1,0,0,-39.0,2,412.0,1
2018-06-22,Nigeria,Iceland,2,0,2018,42.0,1713.0,46.0,1669.0,5,0,1,0,0,-4.0,2,44.0,1
2018-06-22,Serbia,Switzerland,1,2,2018,20.0,1808.0,12.0,1922.0,1,10,0,0,1,8.0,-1,-114.0,0
2018-06-23,Belgium,Tunisia,5,2,2018,3.0,2035.0,48.0,1650.0,12,4,1,0,0,-45.0,3,385.0,1
2018-06-23,South Korea,Mexico,1,2,2018,23.0,1778.0,22.0,1787.0,9,15,0,0,1,1.0,-1,-9.0,0
2018-06-23,Germany,Sweden,2,1,2018,9.0,1938.0,17.0,1851.0,8,11,1,0,0,-8.0,1,87.0,1
2018-06-24,England,Panama,6,1,2018,7.0,1960.0,65.0,1568.0,14,0,1,0,0,-58.0,5,392.0,1
2018-06-24,Japan,Senegal,2,2,2018,36.0,1731.0,28.0,1758.0,5,1,0,1,0,8.0,0,-27.0,0
2018-06-24,Poland,Colombia,0,3,2018,32.0,1752.0,6.0,1961.0,7,5,0,0,1,26.0,-3,-209.0,0
2018-06-25,Saudi Arabia,Egypt,2,1,2018,62.0,1580.0,53.0,1617.0,4,2,1,0,0,9.0,1,-37.0,0
2018-06-25,Uruguay,Russia,3,0,2018,11.0,1923.0,30.0,1753.0,12,3,1,0,0,-19.0,3,170.0,1
2018-06-25,Spain,Morocco,2,2,2018,4.0,2011.0,37.0,1730.0,14,4,0,1,0,-33.0,0,281.0,0
2018-06-25,Iran,Portugal,1,1,2018,19.0,1823.0,8.0,1959.0,4,6,0,1,0,11.0,0,-136.0,0
2018-06-26,Australia,Peru,0,2,2018,35.0,1735.0,16.0,1855.0,4,4,0,0,1,19.0,-2,-120.0,0
2018-06-26,Denmark,France,0,0,2018,14.0,1898.0,2.0,2094.0,4,14,0,1,0,12.0,0,-196.0,0
2018-06-26,Iceland,Croatia,1,2,2018,46.0,1669.0,10.0,1925.0,0,4,0,0,1,36.0,-1,-256.0,0
2018-06-26,Nigeria,Argentina,1,2,2018,42.0,1713.0,13.0,1915.0,5,16,0,0,1,29.0,-1,-202.0,0
2018-06-27,South Korea,Germany,2,0,2018,23.0,1778.0,9.0,1938.0,9,8,1,0,0,14.0,2,-160.0,0
2018-06-27,Mexico,Sweden,0,3,2018,22.0,1787.0,17.0,1851.0,15,11,0,0,1,5.0,-3,-64.0,0
2018-06-27,Serbia,Brazil,0,2,2018,20.0,1808.0,1.0,2136.0,1,20,0,0,1,19.0,-2,-328.0,0
2018-06-27,Switzerland,Costa Rica,2,2,2018,12.0,1922.0,40.0,1724.0,10,4,0,1,0,-28.0,0,198.0,0
2018-06-28,Japan,Poland,0,1,2018,36.0,1731.0,32.0,1752.0,5,7,0,0,1,4.0,-1,-21.0,0
2018-06-28,Senegal,Colombia,0,1,2018,28.0,1758.0,6.0,1961.0,1,5,0,0,1,22.0,-1,-203.0,0
2018-06-28,England,Belgium,0,1,2018,7.0,1960.0,3.0,2035.0,14,12,0,0,1,4.0,-1,-75.0,0
2018-06-28,Panama,Tunisia,1,2,2018,65.0,1568.0,48.0,1650.0,0,4,0,0,1,17.0,-1,-82.0,0
2018-06-30,France,Argentina,4,3,2018,2.0,2094.0,13.0,1915.0,14,16,1,0,0,-11.0,1,179.0,1
2018-06-30,Uruguay,Portugal,2,1,2018,11.0,1923.0,8.0,1959.0,12,6,1,0,0,3.0,1,-36.0,0
2018-07-01,Spain,Russia,1,1,2018,4.0,2011.0,30.0,1753.0,14,3,0,1,0,-26.0,0,258.0,0
2018-07-01,Croatia,Denmark,1,1,2018,10.0,1925.0,14.0,1898.0,4,4,0,1,0,-4.0,0,27.0,0
2018-07-02,Brazil,Mexico,2,0,2018,1.0,2136.0,22.0,1787.0,20,15,1,0,0,-21.0,2,349.0,1
2018-07-02,Belgium,Japan,3,2,2018,3.0,2035.0,36.0,1731.0,12,5,1,0,0,-33.0,1,304.0,1
2018-07-03,Sweden,Switzerland,1,0,2018,17.0,1851.0,12.0,1922.0,11,10,1,0,0,5.0,1,-71.0,0
2018-07-03,Colombia,England,1,1,2018,6.0,1961.0,7.0,1960.0,5,14,0,1,0,-1.0,0,1.0,0
2018-07-06,Uruguay,France,0,2,2018,11.0,1923.0,2.0,2094.0,12,14,0,0,1,9.0,-2,-171.0,0
2018-07-06,Brazil,Belgium,1,2,2018,1.0,2136.0,3.0,2035.0,20,12,0,0,1,-2.0,-1,101.0,0
2018-07-07,Sweden,England,0,2,2018,17.0,1851.0,7.0,1960.0,11,14,0,0,1,10.0,-2,-109.0,0
2018-07-07,Russia,Croatia,2,2,2018,30.0,1753.0,10.0,1925.0,3,4,0,1,0,20.0,0,-172.0,0
2018-07-10,France,Belgium,1,0,2018,2.0,2094.0,3.0,2035.0,14,12,1,0,0,-1.0,1,59.0,1
2018-07-11,Croatia,England,2,1,2018,10.0,1925.0,7.0,1960.0,4,14,1,0,0,3.0,1,-35.0,0
2018-07-14,Belgium,England,2,0,2018,3.0,2035.0,7.0,1960.0,12,14,1,0,0,-4.0,2,75.0,1
2018-07-15,France,Croatia,4,2,2018,2.0,2094.0,10.0,1925.0,14,4,1,0,0,-8.0,2,169.0,1
