year,home_rank,home_score,away_rank,away_score,home_n_participation,away_n_participation,rank_diff,score_diff,participation_diff,target
1930,35.0,1566.0,41.0,1497.0,0,0,-6.0,69.0,0,1
1930,14.0,1762.0,31.0,1593.0,0,0,-17.0,169.0,0,1
1930,25.0,1658.0,9.0,1890.0,0,0,16.0,-232.0,0,1
1930,37.0,1544.0,42.0,1496.0,0,0,-5.0,48.0,0,1
1930,1.0,2062.0,35.0,1566.0,0,0,-34.0,496.0,0,1
1930,26.0,1647.0,41.0,1497.0,0,0,-15.0,150.0,0,1
1930,25.0,1658.0,63.0,1244.0,0,0,-38.0,414.0,0,1
1930,14.0,1762.0,16.0,1742.0,0,0,-2.0,20.0,0,1
1930,2.0,2037.0,42.0,1496.0,0,0,-40.0,541.0,0,1
1930,26.0,1647.0,35.0,1566.0,0,0,-9.0,81.0,0,1
1930,1.0,2062.0,41.0,1497.0,0,0,-40.0,565.0,0,1
1930,9.0,1890.0,63.0,1244.0,0,0,-54.0,646.0,0,1
1930,16.0,1742.0,31.0,1593.0,0,0,-15.0,149.0,0,1
1930,2.0,2037.0,37.0,1544.0,0,0,-35.0,493.0,0,1
1930,1.0,2062.0,26.0,1647.0,0,0,-25.0,415.0,0,1
1930,1.0,2062.0,14.0,1762.0,0,0,-13.0,300.0,0,1
1930,2.0,2037.0,25.0,1658.0,0,0,-23.0,379.0,0,1
1930,2.0,2037.0,1.0,2062.0,0,0,1.0,-25.0,0,1
1934,6.0,1956.0,29.0,1624.0,0,1,-23.0,332.0,-1,1
1934,7.0,1906.0,28.0,1625.0,0,1,-21.0,281.0,-1,1
1934,9.0,1878.0,40.0,1529.0,0,1,-31.0,349.0,-1,1
1934,8.0,1881.0,22.0,1684.0,0,0,-14.0,197.0,0,1
1934,1.0,2043.0,13.0,1759.0,0,1,-12.0,284.0,-1,1
1934,4.0,1968.0,10.0,1863.0,0,1,-6.0,105.0,-1,1
1934,14.0,1756.0,2.0,2021.0,0,1,12.0,-265.0,-1,1
1934,30.0,1623.0,20.0,1686.0,0,0,10.0,-63.0,0,1
1934,6.0,1956.0,8.0,1881.0,0,0,-2.0,75.0,0,1
1934,7.0,1906.0,30.0,1623.0,0,0,-23.0,283.0,0,1
1934,9.0,1878.0,14.0,1756.0,0,0,-5.0,122.0,0,1
1934,1.0,2043.0,4.0,1968.0,0,0,-3.0,75.0,0,0
1934,1.0,2043.0,4.0,1968.0,0,0,-3.0,75.0,0,1
1934,7.0,1906.0,9.0,1878.0,0,0,-2.0,28.0,0,1
1934,1.0,2043.0,6.0,1956.0,0,0,-5.0,87.0,0,1
1934,9.0,1878.0,6.0,1956.0,0,0,3.0,-78.0,0,1
1934,1.0,2043.0,7.0,1906.0,0,0,-6.0,137.0,0,1
1938,18.0,1709.0,14.0,1772.0,1,1,4.0,-63.0,0,0
1938,43.0,1517.0,44.0,1516.0,0,2,-1.0,1.0,-2,0
1938,29.0,1639.0,40.0,1541.0,2,2,-11.0,98.0,0,1
1938,1.0,2124.0,16.0,1737.0,1,0,-15.0,387.0,1,1
1938,7.0,1936.0,37.0,1593.0,2,0,-30.0,343.0,2,1
1938,10.0,1860.0,22.0,1677.0,1,1,-12.0,183.0,0,1
1938,43.0,1517.0,44.0,1516.0,0,2,-1.0,1.0,-2,1
1938,18.0,1709.0,14.0,1772.0,1,1,4.0,-63.0,0,1
1938,7.0,1936.0,10.0,1860.0,2,1,-3.0,76.0,1,0
1938,5.0,1940.0,18.0,1709.0,1,1,-13.0,231.0,0,1
1938,1.0,2124.0,29.0,1639.0,1,2,-28.0,485.0,-1,1
1938,25.0,1654.0,43.0,1517.0,1,0,-18.0,137.0,1,1
1938,7.0,1936.0,10.0,1860.0,2,1,-3.0,76.0,1,1
1938,5.0,1940.0,25.0,1654.0,1,1,-20.0,286.0,0,1
1938,1.0,2124.0,7.0,1936.0,1,2,-6.0,188.0,-1,1
1938,7.0,1936.0,25.0,1654.0,2,1,-18.0,282.0,1,1
1938,1.0,2124.0,5.0,1940.0,1,1,-4.0,184.0,0,1
1950,2.0,2014.0,22.0,1717.0,3,1,-20.0,297.0,2,1
1950,10.0,1881.0,16.0,1755.0,1,2,-6.0,126.0,-1,1
1950,3.0,1991.0,29.0,1638.0,0,1,-26.0,353.0,-1,1
1950,12.0,1868.0,44.0,1556.0,1,2,-32.0,312.0,-1,1
1950,7.0,1935.0,4.0,1976.0,2,2,3.0,-41.0,0,1
1950,2.0,2014.0,16.0,1755.0,3,2,-14.0,259.0,1,0
1950,10.0,1881.0,22.0,1717.0,1,1,-12.0,164.0,0,1
1950,12.0,1868.0,29.0,1638.0,1,1,-17.0,230.0,0,1
1950,44.0,1556.0,3.0,1991.0,2,0,41.0,-435.0,2,1
1950,7.0,1935.0,13.0,1848.0,2,1,-6.0,87.0,1,0
1950,2.0,2014.0,10.0,1881.0,3,1,-8.0,133.0,2,1
1950,29.0,1638.0,44.0,1556.0,1,2,-15.0,82.0,-1,1
1950,12.0,1868.0,3.0,1991.0,1,0,9.0,-123.0,1,1
1950,4.0,1976.0,13.0,1848.0,2,1,-9.0,128.0,1,1
1950,11.0,1874.0,64.0,1424.0,1,1,-53.0,450.0,0,1
1950,16.0,1755.0,22.0,1717.0,2,1,-6.0,38.0,1,1
1950,2.0,2014.0,7.0,1935.0,3,2,-5.0,79.0,1,1
1950,11.0,1874.0,12.0,1868.0,1,1,-1.0,6.0,0,0
1950,2.0,2014.0,12.0,1868.0,3,1,-10.0,146.0,2,1
1950,11.0,1874.0,7.0,1935.0,1,2,4.0,-61.0,-1,1
1950,7.0,1935.0,12.0,1868.0,2,1,-5.0,67.0,1,1
1950,11.0,1874.0,2.0,2014.0,1,3,9.0,-140.0,-2,1
1954,4.0,2010.0,27.0,1655.0,4,2,-23.0,355.0,2,1
1954,8.0,1937.0,13.0,1802.0,2,3,-5.0,135.0,-1,1
1954,6.0,1946.0,13.0,1802.0,1,0,-7.0,144.0,1,1
1954,7.0,1940.0,24.0,1684.0,2,2,-17.0,256.0,0,1
1954,20.0,1722.0,10.0,1848.0,3,3,10.0,-126.0,0,1
1954,1.0,2192.0,45.0,1587.0,2,0,-44.0,605.0,2,1
1954,3.0,2037.0,30.0,1653.0,0,0,-27.0,384.0,0,1
1954,5.0,1997.0,15.0,1780.0,1,3,-10.0,217.0,-2,0
1954,7.0,1940.0,13.0,1802.0,2,0,-6.0,138.0,2,1
1954,4.0,2010.0,8.0,1937.0,4,2,-4.0,73.0,2,0
1954,6.0,1946.0,24.0,1684.0,1,2,-18.0,262.0,-1,1
1954,13.0,1802.0,27.0,1655.0,3,2,-14.0,147.0,1,1
1954,1.0,2192.0,3.0,2037.0,2,0,-2.0,155.0,2,1
1954,30.0,1653.0,45.0,1587.0,0,0,-15.0,66.0,0,1
1954,10.0,1848.0,15.0,1780.0,3,3,-5.0,68.0,0,1
1954,5.0,1997.0,20.0,1722.0,1,3,-15.0,275.0,-2,1
1954,3.0,2037.0,30.0,1653.0,0,0,-27.0,384.0,0,1
1954,20.0,1722.0,10.0,1848.0,3,3,10.0,-126.0,0,1
1954,6.0,1946.0,20.0,1722.0,1,3,-14.0,224.0,-2,1
1954,7.0,1940.0,5.0,1997.0,2,1,2.0,-57.0,1,1
1954,1.0,2192.0,4.0,2010.0,2,4,-3.0,182.0,-2,1
1954,3.0,2037.0,8.0,1937.0,0,2,-5.0,100.0,-2,1
1954,1.0,2192.0,7.0,1940.0,2,2,-6.0,252.0,0,1
1954,3.0,2037.0,6.0,1946.0,0,1,-3.0,91.0,-1,1
1954,6.0,1946.0,7.0,1940.0,1,2,-1.0,6.0,-1,1
1954,3.0,2037.0,1.0,2192.0,0,2,2.0,-155.0,-2,1
1958,8.0,1901.0,28.0,1719.0,3,3,-20.0,182.0,0,1
1958,6.0,1920.0,11.0,1866.0,2,1,-5.0,54.0,1,-1
1958,20.0,1773.0,12.0,1860.0,0,3,8.0,-87.0,-3,1
1958,4.0,1936.0,21.0,1762.0,4,2,-17.0,174.0,2,1
1958,9.0,1898.0,16.0,1805.0,3,1,-7.0,93.0,2,0
1958,2.0,1968.0,22.0,1759.0,3,0,-20.0,209.0,3,0
1958,1.0,2140.0,14.0,1819.0,5,2,-13.0,321.0,3,1
1958,5.0,1923.0,3.0,1946.0,0,2,2.0,-23.0,-2,0
1958,6.0,1920.0,20.0,1773.0,2,0,-14.0,147.0,2,1
1958,11.0,1866.0,12.0,1860.0,1,3,-1.0,6.0,-2,0
1958,21.0,1762.0,16.0,1805.0,2,1,5.0,-43.0,1,1
1958,9.0,1898.0,4.0,1936.0,3,4,5.0,-38.0,-1,1
1958,28.0,1719.0,22.0,1759.0,3,0,6.0,-40.0,3,0
1958,1.0,2140.0,3.0,1946.0,5,2,-2.0,194.0,3,0
1958,5.0,1923.0,14.0,1819.0,0,2,-9.0,104.0,-2,1
1958,8.0,1901.0,2.0,1968.0,3,3,6.0,-67.0,0,1
1958,8.0,1901.0,22.0,1759.0,3,0,-14.0,142.0,3,0
1958,12.0,1860.0,6.0,1920.0,3,2,6.0,-60.0,1,1
1958,11.0,1866.0,20.0,1773.0,1,0,-9.0,93.0,1,0
1958,4.0,1936.0,16.0,1805.0,4,1,-12.0,131.0,3,1
1958,21.0,1762.0,9.0,1898.0,2,3,12.0,-136.0,-1,0
1958,2.0,1968.0,28.0,1719.0,3,3,-26.0,249.0,0,1
1958,1.0,2140.0,5.0,1923.0,5,0,-4.0,217.0,5,1
1958,3.0,1946.0,14.0,1819.0,2,2,-11.0,127.0,0,0
1958,20.0,1773.0,12.0,1860.0,0,3,8.0,-87.0,-3,1
1958,22.0,1759.0,2.0,1968.0,0,3,20.0,-209.0,-3,1
1958,5.0,1923.0,3.0,1946.0,0,2,2.0,-23.0,-2,1
1958,1.0,2140.0,22.0,1759.0,5,0,-21.0,381.0,5,1
1958,4.0,1936.0,20.0,1773.0,4,0,-16.0,163.0,4,1
1958,8.0,1901.0,5.0,1923.0,3,0,3.0,-22.0,3,1
1958,11.0,1866.0,9.0,1898.0,1,3,2.0,-32.0,-2,1
1958,1.0,2140.0,4.0,1936.0,5,4,-3.0,204.0,1,1
1958,8.0,1901.0,11.0,1866.0,3,1,-3.0,35.0,2,1
1958,4.0,1936.0,11.0,1866.0,4,1,-7.0,70.0,3,1
1958,1.0,2140.0,8.0,1901.0,5,3,-7.0,239.0,2,1
1962,14.0,1857.0,81.0,1459.0,3,0,-67.0,398.0,3,1
1962,17.0,1825.0,44.0,1612.0,2,4,-27.0,213.0,-2,1
1962,1.0,2193.0,16.0,1845.0,6,4,-15.0,348.0,2,1
1962,5.0,1959.0,23.0,1732.0,3,0,-18.0,227.0,3,1
1962,2.0,2018.0,7.0,1931.0,1,4,-5.0,87.0,-3,1
1962,6.0,1935.0,11.0,1893.0,2,4,-5.0,42.0,-2,0
1962,4.0,1969.0,10.0,1894.0,4,2,-6.0,75.0,2,1
1962,3.0,1990.0,8.0,1928.0,4,3,-5.0,62.0,1,1
1962,7.0,1931.0,14.0,1857.0,4,3,-7.0,74.0,1,1
1962,17.0,1825.0,11.0,1893.0,2,4,6.0,-68.0,-2,1
1962,1.0,2193.0,4.0,1969.0,6,4,-3.0,224.0,2,0
1962,8.0,1928.0,5.0,1959.0,3,3,3.0,-31.0,0,1
1962,2.0,2018.0,81.0,1459.0,1,0,-79.0,559.0,1,0
1962,6.0,1935.0,44.0,1612.0,2,4,-38.0,323.0,-2,1
1962,10.0,1894.0,16.0,1845.0,2,4,-6.0,49.0,-2,1
1962,3.0,1990.0,23.0,1732.0,4,0,-20.0,258.0,4,1
1962,2.0,2018.0,14.0,1857.0,1,3,-12.0,161.0,-2,1
1962,6.0,1935.0,17.0,1825.0,2,2,-11.0,110.0,0,1
1962,1.0,2193.0,10.0,1894.0,6,2,-9.0,299.0,4,1
1962,3.0,1990.0,5.0,1959.0,4,3,-2.0,31.0,1,0
1962,7.0,1931.0,81.0,1459.0,4,0,-74.0,472.0,4,1
1962,11.0,1893.0,44.0,1612.0,4,4,-33.0,281.0,0,1
1962,16.0,1845.0,4.0,1969.0,4,4,12.0,-124.0,0,1
1962,8.0,1928.0,23.0,1732.0,3,0,-15.0,196.0,3,0
1962,1.0,2193.0,8.0,1928.0,6,3,-7.0,265.0,3,1
1962,17.0,1825.0,2.0,2018.0,2,1,15.0,-193.0,1,1
1962,4.0,1969.0,3.0,1990.0,4,4,1.0,-21.0,0,1
1962,7.0,1931.0,6.0,1935.0,4,2,1.0,-4.0,2,1
1962,1.0,2193.0,17.0,1825.0,6,2,-16.0,368.0,4,1
1962,4.0,1969.0,7.0,1931.0,4,4,-3.0,38.0,0,1
1962,17.0,1825.0,7.0,1931.0,2,4,10.0,-106.0,-2,1
1962,1.0,2193.0,4.0,1969.0,6,4,-3.0,224.0,2,1
1966,1.0,2088.0,13.0,1846.0,4,4,-12.0,242.0,0,0
1966,2.0,2042.0,44.0,1602.0,3,5,-42.0,440.0,-2,1
1966,8.0,1918.0,23.0,1750.0,7,1,-15.0,168.0,6,1
1966,5.0,1975.0,15.0,1828.0,2,0,-10.0,147.0,2,1
1966,28.0,1737.0,14.0,1841.0,5,5,14.0,-104.0,0,0
1966,4.0,1982.0,10.0,1865.0,4,3,-6.0,117.0,1,1
1966,3.0,1986.0,6.0,1957.0,0,5,-3.0,29.0,-5,1
1966,7.0,1948.0,29.0,1724.0,5,3,-22.0,224.0,2,1
1966,13.0,1846.0,28.0,1737.0,4,5,-15.0,109.0,-1,1
1966,10.0,1865.0,44.0,1602.0,3,5,-34.0,263.0,-2,1
1966,6.0,1957.0,8.0,1918.0,5,7,-2.0,39.0,-2,1
1966,29.0,1724.0,15.0,1828.0,3,0,14.0,-104.0,3,0
1966,4.0,1982.0,2.0,2042.0,4,3,2.0,-60.0,1,0
1966,3.0,1986.0,23.0,1750.0,0,1,-20.0,236.0,-1,1
1966,5.0,1975.0,7.0,1948.0,2,5,-2.0,27.0,-3,1
1966,1.0,2088.0,14.0,1841.0,4,5,-13.0,247.0,-1,1
1966,14.0,1841.0,13.0,1846.0,5,4,1.0,-5.0,1,0
1966,4.0,1982.0,44.0,1602.0,4,5,-40.0,380.0,-1,1
1966,3.0,1986.0,8.0,1918.0,0,7,-5.0,68.0,-7,1
1966,15.0,1828.0,7.0,1948.0,0,5,8.0,-120.0,-5,1
1966,1.0,2088.0,28.0,1737.0,4,5,-27.0,351.0,-1,1
1966,2.0,2042.0,10.0,1865.0,3,3,-8.0,177.0,0,1
1966,6.0,1957.0,23.0,1750.0,5,1,-17.0,207.0,4,1
1966,5.0,1975.0,29.0,1724.0,2,3,-24.0,251.0,-1,1
1966,1.0,2088.0,4.0,1982.0,4,4,-3.0,106.0,0,1
1966,3.0,1986.0,15.0,1828.0,0,0,-12.0,158.0,0,1
1966,5.0,1975.0,6.0,1957.0,2,5,-1.0,18.0,-3,1
1966,2.0,2042.0,13.0,1846.0,3,4,-11.0,196.0,-1,1
1966,2.0,2042.0,5.0,1975.0,3,2,-3.0,67.0,1,1
1966,1.0,2088.0,3.0,1986.0,4,0,-2.0,102.0,4,1
1966,3.0,1986.0,5.0,1975.0,0,2,-2.0,11.0,-2,1
1966,1.0,2088.0,2.0,2042.0,4,3,-1.0,46.0,1,1
1970,29.0,1730.0,5.0,1962.0,6,3,24.0,-232.0,3,0
1970,9.0,1854.0,39.0,1668.0,5,0,-30.0,186.0,5,1
1970,2.0,2039.0,18.0,1804.0,5,3,-16.0,235.0,2,1
1970,22.0,1759.0,28.0,1731.0,1,2,-6.0,28.0,-1,1
1970,24.0,1740.0,68.0,1492.0,4,0,-44.0,248.0,4,1
1970,4.0,2023.0,11.0,1848.0,6,4,-7.0,175.0,2,1
1970,1.0,2177.0,14.0,1821.0,8,5,-13.0,356.0,3,1
1970,3.0,2032.0,40.0,1642.0,4,0,-37.0,390.0,4,1
1970,5.0,1962.0,24.0,1740.0,3,4,-19.0,222.0,-1,1
1970,9.0,1854.0,4.0,2023.0,5,6,5.0,-169.0,-1,0
1970,18.0,1804.0,14.0,1821.0,3,5,4.0,-17.0,-2,1
1970,22.0,1759.0,40.0,1642.0,1,0,-18.0,117.0,1,1
1970,29.0,1730.0,68.0,1492.0,6,0,-39.0,238.0,6,1
1970,11.0,1848.0,39.0,1668.0,4,0,-28.0,180.0,4,0
1970,1.0,2177.0,2.0,2039.0,8,5,-1.0,138.0,3,1
1970,3.0,2032.0,28.0,1731.0,4,2,-25.0,301.0,2,1
1970,5.0,1962.0,68.0,1492.0,3,0,-63.0,470.0,3,1
1970,11.0,1848.0,9.0,1854.0,4,5,2.0,-6.0,-1,1
1970,1.0,2177.0,18.0,1804.0,8,3,-17.0,373.0,5,1
1970,3.0,2032.0,22.0,1759.0,4,1,-19.0,273.0,3,1
1970,29.0,1730.0,24.0,1740.0,6,4,5.0,-10.0,2,1
1970,4.0,2023.0,39.0,1668.0,6,0,-35.0,355.0,6,0
1970,2.0,2039.0,14.0,1821.0,5,5,-12.0,218.0,0,1
1970,28.0,1731.0,40.0,1642.0,2,0,-12.0,89.0,2,0
1970,1.0,2177.0,22.0,1759.0,8,1,-21.0,418.0,7,1
1970,4.0,2023.0,29.0,1730.0,6,6,-25.0,293.0,0,1
1970,5.0,1962.0,9.0,1854.0,3,5,-4.0,108.0,-2,-1
1970,3.0,2032.0,2.0,2039.0,4,5,1.0,-7.0,-1,1
1970,1.0,2177.0,9.0,1854.0,8,5,-8.0,323.0,3,1
1970,4.0,2023.0,3.0,2032.0,6,4,1.0,-9.0,2,1
1970,3.0,2032.0,9.0,1854.0,4,5,-6.0,178.0,-1,1
1970,1.0,2177.0,4.0,2023.0,8,6,-3.0,154.0,2,1
1974,3.0,2036.0,8.0,1909.0,9,5,-5.0,127.0,4,0
1974,1.0,2128.0,23.0,1770.0,5,4,-22.0,358.0,1,1
1974,10.0,1892.0,33.0,1680.0,0,0,-23.0,212.0,0,1
1974,29.0,1708.0,11.0,1879.0,0,2,18.0,-171.0,-2,-1
1974,18.0,1834.0,27.0,1741.0,5,3,-9.0,93.0,2,0
1974,30.0,1699.0,2.0,2091.0,6,2,28.0,-392.0,4,-1
1974,6.0,1940.0,54.0,1548.0,7,0,-48.0,392.0,7,1
1974,4.0,2031.0,15.0,1857.0,1,5,-11.0,174.0,-4,1
1974,33.0,1680.0,1.0,2128.0,0,5,32.0,-448.0,-5,-1
1974,23.0,1770.0,10.0,1892.0,4,0,13.0,-122.0,4,0
1974,11.0,1879.0,3.0,2036.0,2,9,8.0,-157.0,-7,0
1974,8.0,1909.0,29.0,1708.0,5,0,-21.0,201.0,5,1
1974,27.0,1741.0,30.0,1699.0,3,6,-3.0,42.0,-3,0
1974,2.0,2091.0,18.0,1834.0,2,5,-16.0,257.0,-3,0
1974,15.0,1857.0,6.0,1940.0,5,7,9.0,-83.0,-2,0
1974,54.0,1548.0,4.0,2031.0,0,1,50.0,-483.0,-1,-1
1974,33.0,1680.0,23.0,1770.0,0,4,10.0,-90.0,-4,0
1974,11.0,1879.0,8.0,1909.0,2,5,3.0,-30.0,-3,0
1974,29.0,1708.0,3.0,2036.0,0,9,26.0,-328.0,-9,-1
1974,10.0,1892.0,1.0,2128.0,0,5,9.0,-236.0,-5,1
1974,27.0,1741.0,2.0,2091.0,3,2,25.0,-350.0,1,-1
1974,18.0,1834.0,30.0,1699.0,5,6,-12.0,135.0,-1,1
1974,15.0,1857.0,54.0,1548.0,5,0,-39.0,309.0,5,1
1974,4.0,2031.0,6.0,1940.0,1,7,-2.0,91.0,-6,1
1974,8.0,1909.0,1.0,2128.0,5,5,7.0,-219.0,0,-1
1974,3.0,2036.0,10.0,1892.0,9,0,-7.0,144.0,9,1
1974,2.0,2091.0,15.0,1857.0,2,5,-13.0,234.0,-3,1
1974,18.0,1834.0,4.0,2031.0,5,1,14.0,-197.0,4,-1
1974,15.0,1857.0,3.0,2036.0,5,9,12.0,-179.0,-4,-1
1974,10.0,1892.0,2.0,2091.0,0,2,8.0,-199.0,-2,-1
1974,4.0,2031.0,8.0,1909.0,1,5,-4.0,122.0,-4,1
1974,1.0,2128.0,18.0,1834.0,5,5,-17.0,294.0,0,1
1974,4.0,2031.0,1.0,2128.0,1,5,3.0,-97.0,-4,-1
1974,15.0,1857.0,10.0,1892.0,5,0,5.0,-35.0,5,0
1974,2.0,2091.0,3.0,2036.0,2,9,-1.0,55.0,-7,1
1974,18.0,1834.0,8.0,1909.0,5,5,10.0,-75.0,0,1
1974,3.0,2036.0,4.0,2031.0,9,1,-1.0,5.0,8,-1
1974,2.0,2091.0,1.0,2128.0,2,5,1.0,-37.0,-3,-1
1978,3.0,2039.0,9.0,1932.0,6,2,-6.0,107.0,4,0
1978,6.0,1995.0,15.0,1887.0,8,6,-9.0,108.0,2,1
1978,29.0,1723.0,32.0,1703.0,0,7,-3.0,20.0,-7,1
1978,3.0,2039.0,24.0,1772.0,6,6,-21.0,267.0,0,1
1978,12.0,1892.0,7.0,1964.0,3,4,5.0,-72.0,-1,1
1978,1.0,2143.0,25.0,1742.0,10,6,-24.0,401.0,4,0
1978,2.0,2068.0,26.0,1727.0,3,0,-24.0,341.0,3,1
1978,20.0,1809.0,14.0,1888.0,2,3,6.0,-79.0,-1,1
1978,6.0,1995.0,24.0,1772.0,8,6,-18.0,223.0,2,1
1978,9.0,1932.0,29.0,1723.0,2,0,-20.0,209.0,2,1
1978,3.0,2039.0,32.0,1703.0,6,7,-29.0,336.0,-1,1
1978,3.0,2039.0,15.0,1887.0,6,6,-12.0,152.0,0,1
1978,12.0,1892.0,25.0,1742.0,3,6,-13.0,150.0,-3,1
1978,1.0,2143.0,7.0,1964.0,10,4,-6.0,179.0,6,0
1978,2.0,2068.0,20.0,1809.0,3,2,-18.0,259.0,1,0
1978,14.0,1888.0,26.0,1727.0,3,0,-12.0,161.0,3,0
1978,15.0,1887.0,24.0,1772.0,6,6,-9.0,115.0,0,1
1978,9.0,1932.0,32.0,1703.0,2,7,-23.0,229.0,-5,1
1978,3.0,2039.0,29.0,1723.0,6,0,-26.0,316.0,6,0
1978,3.0,2039.0,6.0,1995.0,6,8,-3.0,44.0,-2,-1
1978,1.0,2143.0,12.0,1892.0,10,3,-11.0,251.0,7,1
1978,7.0,1964.0,25.0,1742.0,4,6,-18.0,222.0,-2,1
1978,20.0,1809.0,26.0,1727.0,2,0,-6.0,82.0,2,1
1978,14.0,1888.0,2.0,2068.0,3,3,12.0,-180.0,0,1
1978,12.0,1892.0,2.0,2068.0,3,3,10.0,-176.0,0,-1
1978,6.0,1995.0,3.0,2039.0,8,6,3.0,-44.0,2,0
1978,1.0,2143.0,20.0,1809.0,10,2,-19.0,334.0,8,1
1978,3.0,2039.0,9.0,1932.0,6,2,-6.0,107.0,4,1
1978,20.0,1809.0,9.0,1932.0,2,2,11.0,-123.0,0,-1
1978,6.0,1995.0,12.0,1892.0,8,3,-6.0,103.0,5,1
1978,2.0,2068.0,3.0,2039.0,3,6,-1.0,29.0,-3,0
1978,3.0,2039.0,1.0,2143.0,6,10,2.0,-104.0,-4,0
1978,12.0,1892.0,3.0,2039.0,3,6,9.0,-147.0,-3,1
1978,6.0,1995.0,2.0,2068.0,8,3,4.0,-73.0,5,-1
1978,1.0,2143.0,9.0,1932.0,10,2,-8.0,211.0,8,1
1978,3.0,2039.0,20.0,1809.0,6,2,-17.0,230.0,4,1
1978,1.0,2143.0,6.0,1995.0,10,8,-5.0,148.0,2,1
1978,3.0,2039.0,2.0,2068.0,6,3,1.0,-29.0,3,1
1982,7.0,1941.0,10.0,1901.0,7,5,-3.0,40.0,2,-1
1982,2.0,2019.0,6.0,1986.0,9,3,-4.0,33.0,6,0
1982,1.0,2115.0,5.0,2008.0,11,4,-4.0,107.0,7,1
1982,26.0,1743.0,36.0,1679.0,3,0,-10.0,64.0,3,0
1982,18.0,1817.0,59.0,1557.0,7,1,-41.0,260.0,6,1
1982,17.0,1830.0,57.0,1564.0,4,0,-40.0,266.0,4,1
1982,4.0,2012.0,30.0,1728.0,7,0,-26.0,284.0,7,-1
1982,2.0,2019.0,8.0,1921.0,6,7,-6.0,98.0,-1,1
1982,16.0,1837.0,41.0,1623.0,5,0,-25.0,214.0,5,0
1982,31.0,1702.0,9.0,1910.0,5,4,22.0,-208.0,1,-1
1982,13.0,1866.0,37.0,1675.0,6,0,-24.0,191.0,6,0
1982,15.0,1855.0,23.0,1767.0,6,1,-8.0,88.0,5,0
1982,2.0,2019.0,26.0,1743.0,9,3,-24.0,276.0,6,0
1982,7.0,1941.0,18.0,1817.0,7,7,-11.0,124.0,0,1
1982,1.0,2115.0,17.0,1830.0,11,4,-16.0,285.0,7,1
1982,6.0,1986.0,36.0,1679.0,3,0,-30.0,307.0,3,0
1982,10.0,1901.0,59.0,1557.0,5,1,-49.0,344.0,4,1
1982,5.0,2008.0,57.0,1564.0,4,0,-52.0,444.0,4,1
1982,4.0,2012.0,31.0,1702.0,7,5,-27.0,310.0,2,1
1982,2.0,2019.0,13.0,1866.0,6,6,-11.0,153.0,0,1
1982,16.0,1837.0,15.0,1855.0,5,6,1.0,-18.0,-1,1
1982,30.0,1728.0,9.0,1910.0,0,4,21.0,-182.0,-4,-1
1982,8.0,1921.0,37.0,1675.0,7,0,-29.0,246.0,7,1
1982,41.0,1623.0,23.0,1767.0,0,1,18.0,-144.0,-1,0
1982,6.0,1986.0,26.0,1743.0,3,3,-20.0,243.0,0,1
1982,10.0,1901.0,18.0,1817.0,5,7,-8.0,84.0,-2,0
1982,5.0,2008.0,17.0,1830.0,4,4,-12.0,178.0,0,0
1982,2.0,2019.0,36.0,1679.0,9,0,-34.0,340.0,9,0
1982,7.0,1941.0,59.0,1557.0,7,1,-52.0,384.0,6,1
1982,1.0,2115.0,57.0,1564.0,11,0,-56.0,551.0,11,1
1982,30.0,1728.0,31.0,1702.0,0,5,-1.0,26.0,-5,1
1982,8.0,1921.0,13.0,1866.0,7,6,-5.0,55.0,1,0
1982,41.0,1623.0,15.0,1855.0,0,6,26.0,-232.0,-6,-1
1982,4.0,2012.0,9.0,1910.0,7,4,-5.0,102.0,3,1
1982,2.0,2019.0,37.0,1675.0,6,0,-35.0,344.0,6,1
1982,16.0,1837.0,23.0,1767.0,5,1,-7.0,70.0,4,-1
1982,9.0,1910.0,8.0,1921.0,4,7,1.0,-11.0,-3,-1
1982,6.0,1986.0,10.0,1901.0,3,5,-4.0,85.0,-2,1
1982,2.0,2019.0,7.0,1941.0,9,7,-5.0,78.0,2,1
1982,4.0,2012.0,2.0,2019.0,7,6,2.0,-7.0,1,0
1982,9.0,1910.0,23.0,1767.0,4,1,-14.0,143.0,3,0
1982,10.0,1901.0,5.0,2008.0,5,4,5.0,-107.0,1,-1
1982,7.0,1941.0,1.0,2115.0,7,11,6.0,-174.0,-4,-1
1982,4.0,2012.0,16.0,1837.0,7,5,-12.0,175.0,2,1
1982,8.0,1921.0,23.0,1767.0,7,1,-15.0,154.0,6,1
1982,5.0,2008.0,6.0,1986.0,4,3,-1.0,22.0,1,0
1982,2.0,2019.0,1.0,2115.0,9,11,1.0,-96.0,-2,1
1982,16.0,1837.0,2.0,2019.0,5,6,14.0,-182.0,-1,0
1982,6.0,1986.0,2.0,2019.0,3,9,4.0,-33.0,-6,-1
1982,4.0,2012.0,8.0,1921.0,7,7,-4.0,91.0,0,0
1982,6.0,1986.0,8.0,1921.0,3,7,-2.0,65.0,-4,1
1982,2.0,2019.0,4.0,2012.0,9,7,-2.0,7.0,2,1
1986,25.0,1779.0,11.0,1881.0,4,10,14.0,-102.0,-6,0
1986,3.0,1994.0,2.0,2016.0,6,12,1.0,-22.0,-6,-1
1986,54.0,1579.0,7.0,1942.0,0,8,47.0,-363.0,-8,-1
1986,1.0,2040.0,40.0,1648.0,8,1,-39.0,392.0,7,1
1986,3.0,1994.0,24.0,1780.0,5,8,-21.0,214.0,-3,1
1986,31.0,1726.0,23.0,1781.0,1,4,8.0,-55.0,-3,0
1986,18.0,1803.0,12.0,1880.0,6,8,6.0,-77.0,-2,-1
1986,46.0,1624.0,29.0,1754.0,1,2,17.0,-130.0,-1,0
1986,28.0,1761.0,5.0,1978.0,1,7,23.0,-217.0,-6,1
1986,19.0,1801.0,58.0,1565.0,3,0,-39.0,236.0,3,1
1986,26.0,1778.0,6.0,1957.0,7,8,20.0,-179.0,-1,0
1986,17.0,1816.0,8.0,1935.0,5,0,9.0,-119.0,5,-1
1986,11.0,1881.0,1.0,2040.0,10,8,10.0,-159.0,2,0
1986,7.0,1942.0,3.0,1994.0,8,5,4.0,-52.0,3,0
1986,40.0,1648.0,25.0,1779.0,1,4,15.0,-131.0,-3,0
1986,24.0,1780.0,54.0,1579.0,8,0,-30.0,201.0,8,1
1986,2.0,2016.0,46.0,1624.0,12,1,-44.0,392.0,11,1
1986,5.0,1978.0,31.0,1726.0,7,1,-26.0,252.0,6,0
1986,12.0,1880.0,19.0,1801.0,8,3,-7.0,79.0,5,0
1986,29.0,1754.0,3.0,1994.0,2,6,26.0,-240.0,-4,-1
1986,23.0,1781.0,28.0,1761.0,4,1,-5.0,20.0,3,1
1986,58.0,1565.0,18.0,1803.0,0,6,40.0,-238.0,-6,-1
1986,6.0,1957.0,17.0,1816.0,8,5,-11.0,141.0,3,1
1986,8.0,1935.0,26.0,1778.0,0,7,-18.0,157.0,-7,1
1986,24.0,1780.0,7.0,1942.0,8,8,17.0,-162.0,0,-1
1986,3.0,1994.0,54.0,1579.0,5,0,-51.0,415.0,5,1
1986,1.0,2040.0,25.0,1779.0,8,4,-24.0,261.0,4,1
1986,40.0,1648.0,11.0,1881.0,1,10,29.0,-233.0,-9,-1
1986,58.0,1565.0,12.0,1880.0,0,8,46.0,-315.0,-8,-1
1986,19.0,1801.0,18.0,1803.0,3,6,1.0,-2.0,-3,0
1986,5.0,1978.0,23.0,1781.0,7,4,-18.0,197.0,3,1
1986,28.0,1761.0,31.0,1726.0,1,1,-3.0,35.0,0,-1
1986,46.0,1624.0,3.0,1994.0,1,6,43.0,-370.0,-5,-1
1986,29.0,1754.0,2.0,2016.0,2,12,27.0,-262.0,-10,-1
1986,8.0,1935.0,6.0,1957.0,0,8,2.0,-22.0,-8,1
1986,17.0,1816.0,26.0,1778.0,5,7,-9.0,38.0,-2,0
1986,12.0,1880.0,25.0,1779.0,8,4,-13.0,101.0,4,1
1986,3.0,1994.0,18.0,1803.0,5,6,-15.0,191.0,-1,-1
1986,2.0,2016.0,23.0,1781.0,12,4,-21.0,235.0,8,1
1986,1.0,2040.0,26.0,1778.0,8,7,-25.0,262.0,1,1
1986,11.0,1881.0,7.0,1942.0,10,8,4.0,-61.0,2,-1
1986,31.0,1726.0,6.0,1957.0,1,8,25.0,-231.0,-7,-1
1986,5.0,1978.0,19.0,1801.0,7,3,-14.0,177.0,4,1
1986,8.0,1935.0,3.0,1994.0,0,6,5.0,-59.0,-6,-1
1986,2.0,2016.0,7.0,1942.0,12,8,-5.0,74.0,4,0
1986,6.0,1957.0,12.0,1880.0,8,8,-6.0,77.0,0,0
1986,1.0,2040.0,5.0,1978.0,8,7,-4.0,62.0,1,1
1986,3.0,1994.0,18.0,1803.0,6,6,-15.0,191.0,0,0
1986,7.0,1942.0,6.0,1957.0,8,8,1.0,-15.0,0,-1
1986,1.0,2040.0,18.0,1803.0,8,6,-17.0,237.0,2,1
1986,18.0,1803.0,7.0,1942.0,6,8,11.0,-139.0,-2,-1
1986,1.0,2040.0,6.0,1957.0,8,8,-5.0,83.0,0,1
1990,14.0,1875.0,39.0,1656.0,9,1,-25.0,219.0,8,-1
1990,11.0,1888.0,19.0,1814.0,6,4,-8.0,74.0,2,-1
1990,75.0,1475.0,26.0,1763.0,0,1,49.0,-288.0,-1,-1
1990,2.0,2018.0,35.0,1677.0,11,5,-33.0,341.0,6,1
1990,54.0,1584.0,12.0,1887.0,3,7,42.0,-303.0,-4,-1
1990,5.0,1958.0,17.0,1825.0,13,7,-12.0,133.0,6,1
1990,1.0,2082.0,4.0,1981.0,9,7,-3.0,101.0,2,1
1990,37.0,1667.0,25.0,1777.0,0,6,12.0,-110.0,-6,1
1990,3.0,1991.0,9.0,1889.0,8,0,-6.0,102.0,8,0
1990,18.0,1817.0,31.0,1722.0,7,2,-13.0,95.0,5,1
1990,6.0,1949.0,40.0,1654.0,4,1,-34.0,295.0,3,0
1990,16.0,1846.0,7.0,1937.0,8,7,9.0,-91.0,1,0
1990,14.0,1875.0,11.0,1888.0,9,6,3.0,-13.0,3,1
1990,39.0,1656.0,19.0,1814.0,1,4,20.0,-158.0,-3,1
1990,4.0,1981.0,26.0,1763.0,7,1,-22.0,218.0,6,1
1990,2.0,2018.0,54.0,1584.0,11,3,-52.0,434.0,8,1
1990,35.0,1677.0,12.0,1887.0,5,7,23.0,-210.0,-2,-1
1990,1.0,2082.0,75.0,1475.0,9,0,-74.0,607.0,9,1
1990,5.0,1958.0,37.0,1667.0,13,0,-32.0,291.0,13,1
1990,17.0,1825.0,25.0,1777.0,7,6,-8.0,48.0,1,-1
1990,3.0,1991.0,6.0,1949.0,8,4,-3.0,42.0,4,0
1990,9.0,1889.0,40.0,1654.0,0,1,-31.0,235.0,-1,0
1990,18.0,1817.0,16.0,1846.0,7,8,2.0,-29.0,-1,1
1990,31.0,1722.0,7.0,1937.0,2,7,24.0,-215.0,-5,-1
1990,14.0,1875.0,19.0,1814.0,9,4,-5.0,61.0,5,0
1990,39.0,1656.0,11.0,1888.0,1,6,28.0,-232.0,-5,-1
1990,1.0,2082.0,26.0,1763.0,9,1,-25.0,319.0,8,0
1990,4.0,1981.0,75.0,1475.0,7,0,-71.0,506.0,7,1
1990,35.0,1677.0,54.0,1584.0,5,3,-19.0,93.0,2,1
1990,2.0,2018.0,12.0,1887.0,11,7,-10.0,131.0,4,1
1990,5.0,1958.0,25.0,1777.0,13,6,-20.0,181.0,7,1
1990,17.0,1825.0,37.0,1667.0,7,0,-20.0,158.0,7,-1
1990,18.0,1817.0,7.0,1937.0,7,7,11.0,-120.0,0,-1
1990,31.0,1722.0,16.0,1846.0,2,8,15.0,-124.0,-6,-1
1990,3.0,1991.0,40.0,1654.0,8,1,-37.0,337.0,7,1
1990,9.0,1889.0,6.0,1949.0,0,4,3.0,-60.0,-4,0
1990,39.0,1656.0,26.0,1763.0,1,1,13.0,-107.0,0,1
1990,12.0,1887.0,37.0,1667.0,7,0,-25.0,220.0,7,1
1990,5.0,1958.0,14.0,1875.0,13,9,-9.0,83.0,4,-1
1990,1.0,2082.0,6.0,1949.0,9,4,-5.0,133.0,5,1
1990,9.0,1889.0,19.0,1814.0,0,4,-10.0,75.0,-4,0
1990,2.0,2018.0,16.0,1846.0,11,8,-14.0,172.0,3,1
1990,7.0,1937.0,4.0,1981.0,7,7,3.0,-44.0,0,-1
1990,3.0,1991.0,18.0,1817.0,8,7,-15.0,174.0,1,1
1990,14.0,1875.0,4.0,1981.0,9,7,10.0,-106.0,2,0
1990,9.0,1889.0,2.0,2018.0,0,11,7.0,-129.0,-11,-1
1990,12.0,1887.0,1.0,2082.0,7,9,11.0,-195.0,-2,-1
1990,39.0,1656.0,3.0,1991.0,1,8,36.0,-335.0,-7,-1
1990,14.0,1875.0,2.0,2018.0,9,11,12.0,-143.0,-2,0
1990,1.0,2082.0,3.0,1991.0,9,8,-2.0,91.0,1,0
1990,2.0,2018.0,3.0,1991.0,11,8,-1.0,27.0,3,1
1990,1.0,2082.0,14.0,1875.0,9,9,-13.0,207.0,0,1
1994,2.0,1998.0,32.0,1684.0,2,2,-30.0,314.0,0,1
1994,3.0,1996.0,45.0,1635.0,8,3,-42.0,361.0,5,0
1994,52.0,1616.0,18.0,1870.0,4,6,34.0,-254.0,-2,0
1994,4.0,1986.0,16.0,1871.0,12,1,-12.0,115.0,11,-1
1994,12.0,1896.0,11.0,1903.0,2,5,1.0,-7.0,-3,-1
1994,26.0,1767.0,53.0,1609.0,8,2,-27.0,158.0,6,1
1994,15.0,1875.0,16.0,1871.0,1,9,-1.0,4.0,-8,1
1994,63.0,1577.0,6.0,1949.0,2,8,57.0,-372.0,-6,0
1994,1.0,2069.0,22.0,1845.0,14,0,-21.0,224.0,14,1
1994,5.0,1958.0,42.0,1640.0,5,0,-37.0,318.0,5,1
1994,14.0,1884.0,41.0,1647.0,10,0,-27.0,237.0,10,1
1994,2.0,1998.0,3.0,1996.0,2,8,-1.0,2.0,-6,0
1994,24.0,1783.0,21.0,1858.0,0,5,3.0,-75.0,-5,1
1994,11.0,1903.0,18.0,1870.0,5,6,-7.0,33.0,-1,-1
1994,52.0,1616.0,12.0,1896.0,4,2,40.0,-280.0,2,1
1994,4.0,1986.0,15.0,1875.0,12,1,-11.0,111.0,11,1
1994,45.0,1635.0,32.0,1684.0,3,2,13.0,-49.0,1,0
1994,16.0,1871.0,16.0,1871.0,9,1,0.0,0.0,8,1
1994,1.0,2069.0,63.0,1577.0,14,2,-62.0,492.0,12,1
1994,6.0,1949.0,22.0,1845.0,8,0,-16.0,104.0,8,1
1994,26.0,1767.0,5.0,1958.0,8,5,21.0,-191.0,3,1
1994,42.0,1640.0,53.0,1609.0,0,2,-11.0,31.0,-2,1
1994,14.0,1884.0,24.0,1783.0,10,0,-10.0,101.0,10,1
1994,21.0,1858.0,41.0,1647.0,5,0,-20.0,211.0,5,1
1994,18.0,1870.0,12.0,1896.0,6,2,6.0,-26.0,4,-1
1994,52.0,1616.0,11.0,1903.0,4,5,41.0,-287.0,-1,-1
1994,32.0,1684.0,3.0,1996.0,2,8,29.0,-312.0,-6,-1
1994,2.0,1998.0,45.0,1635.0,2,3,-43.0,363.0,-1,1
1994,4.0,1986.0,16.0,1871.0,12,9,-12.0,115.0,3,0
1994,16.0,1871.0,15.0,1875.0,1,1,1.0,-4.0,0,0
1994,22.0,1845.0,63.0,1577.0,0,2,-41.0,268.0,-2,1
1994,1.0,2069.0,6.0,1949.0,14,8,-5.0,120.0,6,0
1994,26.0,1767.0,42.0,1640.0,8,0,-16.0,127.0,8,-1
1994,53.0,1609.0,5.0,1958.0,2,5,48.0,-349.0,-3,-1
1994,14.0,1884.0,21.0,1858.0,10,5,-7.0,26.0,5,-1
1994,41.0,1647.0,24.0,1783.0,0,0,17.0,-136.0,0,-1
1994,2.0,1998.0,26.0,1767.0,2,8,-24.0,231.0,-6,1
1994,3.0,1996.0,18.0,1870.0,8,6,-15.0,126.0,2,1
1994,42.0,1640.0,6.0,1949.0,0,8,36.0,-309.0,-8,-1
1994,11.0,1903.0,14.0,1884.0,5,10,-3.0,19.0,-5,1
1994,5.0,1958.0,16.0,1871.0,5,1,-11.0,87.0,4,1
1994,1.0,2069.0,52.0,1616.0,14,4,-51.0,453.0,10,1
1994,24.0,1783.0,4.0,1986.0,0,12,20.0,-203.0,-12,-1
1994,16.0,1871.0,21.0,1858.0,9,5,-5.0,13.0,4,0
1994,4.0,1986.0,3.0,1996.0,12,8,1.0,-10.0,4,1
1994,5.0,1958.0,1.0,2069.0,5,14,4.0,-111.0,-9,-1
1994,21.0,1858.0,2.0,1998.0,5,2,19.0,-140.0,3,1
1994,11.0,1903.0,6.0,1949.0,5,8,5.0,-46.0,-3,0
1994,21.0,1858.0,4.0,1986.0,5,12,17.0,-128.0,-7,-1
1994,6.0,1949.0,1.0,2069.0,8,14,5.0,-120.0,-6,-1
1994,6.0,1949.0,21.0,1858.0,8,5,-15.0,91.0,3,1
1994,1.0,2069.0,4.0,1986.0,14,12,-3.0,83.0,2,0
1998,2.0,2051.0,34.0,1712.0,15,7,-32.0,339.0,8,1
1998,19.0,1807.0,16.0,1830.0,3,2,3.0,-23.0,1,0
1998,3.0,2020.0,25.0,1756.0,13,6,-22.0,264.0,7,0
1998,63.0,1564.0,30.0,1730.0,3,6,33.0,-166.0,-3,0
1998,20.0,1805.0,44.0,1674.0,4,6,-24.0,131.0,-2,0
1998,35.0,1710.0,17.0,1820.0,1,1,18.0,-110.0,0,-1
1998,1.0,2076.0,44.0,1674.0,9,0,-43.0,402.0,9,1
1998,5.0,1979.0,38.0,1697.0,9,1,-33.0,282.0,8,-1
1998,33.0,1714.0,15.0,1863.0,4,10,18.0,-149.0,-6,-1
1998,4.0,1994.0,18.0,1816.0,6,9,-14.0,178.0,-3,0
1998,10.0,1930.0,51.0,1641.0,11,0,-41.0,289.0,11,1
1998,9.0,1943.0,27.0,1747.0,8,1,-18.0,196.0,7,1
1998,47.0,1669.0,7.0,1964.0,0,0,40.0,-295.0,0,-1
1998,8.0,1945.0,52.0,1632.0,9,1,-44.0,313.0,8,1
1998,11.0,1903.0,28.0,1739.0,6,3,-17.0,164.0,3,1
1998,6.0,1978.0,39.0,1696.0,3,5,-33.0,282.0,-2,1
1998,34.0,1712.0,16.0,1830.0,7,2,18.0,-118.0,5,0
1998,2.0,2051.0,19.0,1807.0,15,3,-17.0,244.0,12,1
1998,25.0,1756.0,30.0,1730.0,6,6,-5.0,26.0,0,0
1998,3.0,2020.0,63.0,1564.0,13,3,-60.0,456.0,10,1
1998,44.0,1674.0,17.0,1820.0,0,1,27.0,-146.0,-1,0
1998,1.0,2076.0,35.0,1710.0,9,1,-34.0,366.0,8,1
1998,38.0,1697.0,44.0,1674.0,1,6,-6.0,23.0,-5,1
1998,5.0,1979.0,20.0,1805.0,9,4,-15.0,174.0,5,0
1998,51.0,1641.0,7.0,1964.0,0,0,44.0,-323.0,0,-1
1998,18.0,1816.0,15.0,1863.0,9,10,3.0,-47.0,-1,0
1998,4.0,1994.0,33.0,1714.0,6,4,-29.0,280.0,2,1
1998,6.0,1978.0,9.0,1943.0,3,8,-3.0,35.0,-5,0
1998,10.0,1930.0,47.0,1669.0,11,0,-37.0,261.0,11,1
1998,39.0,1696.0,27.0,1747.0,5,1,12.0,-51.0,4,-1
1998,28.0,1739.0,52.0,1632.0,3,1,-24.0,107.0,2,1
1998,11.0,1903.0,8.0,1945.0,6,9,3.0,-42.0,-3,1
1998,25.0,1756.0,63.0,1564.0,6,3,-38.0,192.0,3,0
1998,3.0,2020.0,30.0,1730.0,13,6,-27.0,290.0,7,1
1998,2.0,2051.0,16.0,1830.0,15,2,-14.0,221.0,13,-1
1998,34.0,1712.0,19.0,1807.0,7,3,15.0,-95.0,4,-1
1998,1.0,2076.0,17.0,1820.0,9,1,-16.0,256.0,8,1
1998,44.0,1674.0,35.0,1710.0,0,1,9.0,-36.0,-1,0
1998,38.0,1697.0,20.0,1805.0,1,4,18.0,-108.0,-3,-1
1998,5.0,1979.0,44.0,1674.0,9,6,-39.0,305.0,3,1
1998,18.0,1816.0,33.0,1714.0,9,4,-15.0,102.0,5,0
1998,4.0,1994.0,15.0,1863.0,6,10,-11.0,131.0,-4,0
1998,6.0,1978.0,27.0,1747.0,3,1,-21.0,231.0,2,1
1998,39.0,1696.0,9.0,1943.0,5,8,30.0,-247.0,-3,-1
1998,10.0,1930.0,7.0,1964.0,11,0,3.0,-34.0,11,1
1998,51.0,1641.0,47.0,1669.0,0,0,4.0,-28.0,0,-1
1998,28.0,1739.0,8.0,1945.0,3,9,20.0,-206.0,-6,-1
1998,11.0,1903.0,52.0,1632.0,6,1,-41.0,271.0,5,0
1998,3.0,2020.0,16.0,1830.0,13,2,-13.0,190.0,11,1
1998,2.0,2051.0,25.0,1756.0,15,6,-23.0,295.0,9,1
1998,1.0,2076.0,20.0,1805.0,9,4,-19.0,271.0,5,1
1998,38.0,1697.0,17.0,1820.0,1,1,21.0,-123.0,0,-1
1998,6.0,1978.0,15.0,1863.0,3,10,-9.0,115.0,-7,1
1998,4.0,1994.0,9.0,1943.0,6,8,-5.0,51.0,-2,1
1998,11.0,1903.0,7.0,1964.0,6,0,4.0,-61.0,6,-1
1998,10.0,1930.0,8.0,1945.0,11,9,2.0,-15.0,2,0
1998,3.0,2020.0,1.0,2076.0,13,9,2.0,-56.0,4,0
1998,2.0,2051.0,17.0,1820.0,15,1,-15.0,231.0,14,1
1998,4.0,1994.0,10.0,1930.0,6,11,-6.0,64.0,-5,1
1998,6.0,1978.0,7.0,1964.0,3,0,-1.0,14.0,3,-1
1998,2.0,2051.0,4.0,1994.0,15,6,-2.0,57.0,9,0
1998,1.0,2076.0,7.0,1964.0,9,0,-6.0,112.0,9,1
1998,4.0,1994.0,7.0,1964.0,6,0,-3.0,30.0,6,-1
1998,2.0,2051.0,1.0,2076.0,15,9,1.0,-25.0,6,-1
2002,5.0,1974.0,28.0,1780.0,10,0,-23.0,194.0,10,-1
2002,14.0,1848.0,24.0,1795.0,2,4,-10.0,53.0,-2,0
2002,26.0,1788.0,9.0,1896.0,9,2,17.0,-108.0,7,-1
2002,7.0,1937.0,46.0,1669.0,4,2,-39.0,268.0,2,1
2002,4.0,1994.0,34.0,1744.0,12,2,-30.0,250.0,10,1
2002,31.0,1763.0,48.0,1666.0,5,1,-17.0,97.0,4,0
2002,6.0,1951.0,17.0,1824.0,10,9,-11.0,127.0,1,0
2002,3.0,1998.0,49.0,1660.0,10,0,-46.0,338.0,10,1
2002,21.0,1804.0,15.0,1832.0,1,11,6.0,-28.0,-10,-1
2002,1.0,2057.0,10.0,1895.0,16,1,-9.0,162.0,15,1
2002,11.0,1878.0,35.0,1722.0,14,0,-24.0,156.0,14,1
2002,56.0,1604.0,32.0,1752.0,0,1,24.0,-148.0,-1,-1
2002,20.0,1806.0,27.0,1785.0,1,10,-7.0,21.0,-9,0
2002,29.0,1769.0,37.0,1709.0,5,5,-8.0,60.0,0,1
2002,19.0,1809.0,52.0,1620.0,1,2,-33.0,189.0,-1,1
2002,16.0,1826.0,8.0,1930.0,6,2,8.0,-104.0,4,1
2002,7.0,1937.0,14.0,1848.0,4,2,-7.0,89.0,2,0
2002,9.0,1896.0,28.0,1780.0,2,0,-19.0,116.0,2,0
2002,24.0,1795.0,46.0,1669.0,4,2,-22.0,126.0,2,1
2002,5.0,1974.0,26.0,1788.0,10,9,-21.0,186.0,1,0
2002,17.0,1824.0,34.0,1744.0,9,2,-17.0,80.0,7,1
2002,3.0,1998.0,31.0,1763.0,10,5,-28.0,235.0,5,1
2002,4.0,1994.0,6.0,1951.0,12,10,-2.0,43.0,2,-1
2002,48.0,1666.0,49.0,1660.0,1,0,-1.0,6.0,1,1
2002,11.0,1878.0,21.0,1804.0,14,1,-10.0,74.0,13,-1
2002,1.0,2057.0,56.0,1604.0,16,0,-55.0,453.0,16,1
2002,15.0,1832.0,35.0,1722.0,11,0,-20.0,110.0,11,1
2002,32.0,1752.0,10.0,1895.0,1,1,22.0,-143.0,0,0
2002,20.0,1806.0,19.0,1809.0,1,1,1.0,-3.0,0,1
2002,29.0,1769.0,16.0,1826.0,5,6,13.0,-57.0,-1,0
2002,52.0,1620.0,27.0,1785.0,2,10,25.0,-165.0,-8,0
2002,8.0,1930.0,37.0,1709.0,2,5,-29.0,221.0,-3,1
2002,9.0,1896.0,5.0,1974.0,2,10,4.0,-78.0,-8,1
2002,28.0,1780.0,26.0,1788.0,0,9,2.0,-8.0,-9,0
2002,24.0,1795.0,7.0,1937.0,4,4,17.0,-142.0,0,-1
2002,46.0,1669.0,14.0,1848.0,2,2,32.0,-179.0,0,-1
2002,34.0,1744.0,6.0,1951.0,2,10,28.0,-207.0,-8,0
2002,17.0,1824.0,4.0,1994.0,9,12,13.0,-170.0,-3,0
2002,49.0,1660.0,31.0,1763.0,0,5,18.0,-103.0,-5,-1
2002,48.0,1666.0,3.0,1998.0,1,10,45.0,-332.0,-9,-1
2002,32.0,1752.0,1.0,2057.0,1,16,31.0,-305.0,-15,-1
2002,10.0,1895.0,56.0,1604.0,1,0,-46.0,291.0,1,1
2002,35.0,1722.0,21.0,1804.0,0,1,14.0,-82.0,-1,1
2002,15.0,1832.0,11.0,1878.0,11,14,4.0,-46.0,-3,0
2002,27.0,1785.0,19.0,1809.0,10,1,8.0,-24.0,9,1
2002,52.0,1620.0,20.0,1806.0,2,1,32.0,-186.0,1,-1
2002,37.0,1709.0,16.0,1826.0,5,6,21.0,-117.0,-1,1
2002,8.0,1930.0,29.0,1769.0,2,5,-21.0,161.0,-3,-1
2002,7.0,1937.0,31.0,1763.0,4,5,-24.0,174.0,-1,1
2002,9.0,1896.0,6.0,1951.0,2,10,3.0,-55.0,-8,-1
2002,17.0,1824.0,28.0,1780.0,9,0,-11.0,44.0,9,-1
2002,3.0,1998.0,14.0,1848.0,10,2,-11.0,150.0,8,0
2002,15.0,1832.0,16.0,1826.0,11,6,-1.0,6.0,5,-1
2002,1.0,2057.0,27.0,1785.0,16,10,-26.0,272.0,6,1
2002,20.0,1806.0,10.0,1895.0,1,1,10.0,-89.0,0,-1
2002,29.0,1769.0,11.0,1878.0,5,14,18.0,-109.0,-9,1
2002,6.0,1951.0,1.0,2057.0,10,16,5.0,-106.0,-6,-1
2002,7.0,1937.0,16.0,1826.0,4,6,-9.0,111.0,-2,1
2002,3.0,1998.0,29.0,1769.0,10,5,-26.0,229.0,5,0
2002,28.0,1780.0,10.0,1895.0,0,1,18.0,-115.0,-1,-1
2002,7.0,1937.0,29.0,1769.0,4,5,-22.0,168.0,-1,1
2002,1.0,2057.0,10.0,1895.0,16,1,-9.0,162.0,15,1
2002,29.0,1769.0,10.0,1895.0,5,1,19.0,-126.0,4,-1
2002,7.0,1937.0,1.0,2057.0,4,16,6.0,-120.0,-12,-1
2006,6.0,1977.0,50.0,1633.0,5,2,-44.0,344.0,3,1
2006,24.0,1780.0,33.0,1759.0,6,1,-9.0,21.0,5,-1
2006,7.0,1960.0,32.0,1760.0,11,6,-25.0,200.0,5,1
2006,72.0,1552.0,14.0,1870.0,0,10,58.0,-318.0,-10,0
2006,5.0,1979.0,27.0,1772.0,13,0,-22.0,207.0,13,1
2006,40.0,1690.0,4.0,1991.0,0,7,36.0,-301.0,-7,-1
2006,19.0,1817.0,28.0,1768.0,12,2,-9.0,49.0,10,1
2006,58.0,1592.0,10.0,1895.0,0,3,48.0,-303.0,-3,-1
2006,30.0,1763.0,40.0,1729.0,1,2,-10.0,34.0,-1,1
2006,25.0,1775.0,11.0,1886.0,7,0,14.0,-111.0,7,-1
2006,3.0,2020.0,34.0,1755.0,15,0,-31.0,265.0,15,1
2006,46.0,1668.0,97.0,1438.0,6,0,-51.0,230.0,6,1
2006,2.0,2062.0,15.0,1847.0,11,7,-13.0,215.0,4,0
2006,1.0,2081.0,9.0,1897.0,17,2,-8.0,184.0,15,1
2006,12.0,1884.0,20.0,1806.0,11,0,-8.0,78.0,11,1
2006,49.0,1644.0,55.0,1599.0,3,3,-6.0,45.0,0,0
2006,6.0,1977.0,24.0,1780.0,5,6,-18.0,197.0,-1,1
2006,33.0,1759.0,50.0,1633.0,1,2,-17.0,126.0,-1,1
2006,7.0,1960.0,72.0,1552.0,11,0,-65.0,408.0,11,1
2006,14.0,1870.0,32.0,1760.0,10,6,-18.0,110.0,4,1
2006,5.0,1979.0,40.0,1690.0,13,0,-35.0,289.0,13,1
2006,4.0,1991.0,27.0,1772.0,7,0,-23.0,219.0,7,1
2006,19.0,1817.0,58.0,1592.0,12,0,-39.0,225.0,12,0
2006,10.0,1895.0,28.0,1768.0,3,2,-18.0,127.0,1,1
2006,11.0,1886.0,34.0,1755.0,0,0,-23.0,131.0,0,-1
2006,3.0,2020.0,25.0,1775.0,15,7,-22.0,245.0,8,0
2006,40.0,1729.0,9.0,1897.0,2,2,31.0,-168.0,0,0
2006,1.0,2081.0,30.0,1763.0,17,1,-29.0,318.0,16,1
2006,2.0,2062.0,46.0,1668.0,11,6,-44.0,394.0,5,0
2006,97.0,1438.0,15.0,1847.0,0,7,82.0,-409.0,-7,-1
2006,55.0,1599.0,20.0,1806.0,3,0,35.0,-207.0,3,-1
2006,12.0,1884.0,49.0,1644.0,11,3,-37.0,240.0,8,1
2006,50.0,1633.0,24.0,1780.0,2,6,26.0,-147.0,-4,-1
2006,33.0,1759.0,6.0,1977.0,1,5,27.0,-218.0,-4,-1
2006,32.0,1760.0,72.0,1552.0,6,0,-40.0,208.0,6,1
2006,14.0,1870.0,7.0,1960.0,10,11,7.0,-90.0,-1,0
2006,28.0,1768.0,58.0,1592.0,2,0,-30.0,176.0,2,0
2006,10.0,1895.0,19.0,1817.0,3,12,-9.0,78.0,-9,1
2006,27.0,1772.0,40.0,1690.0,0,0,-13.0,82.0,0,1
2006,4.0,1991.0,5.0,1979.0,7,13,-1.0,12.0,-6,0
2006,11.0,1886.0,3.0,2020.0,0,15,8.0,-134.0,-15,-1
2006,34.0,1755.0,25.0,1775.0,0,7,9.0,-20.0,-7,1
2006,9.0,1897.0,30.0,1763.0,2,1,-21.0,134.0,1,0
2006,40.0,1729.0,1.0,2081.0,2,17,39.0,-352.0,-15,-1
2006,55.0,1599.0,12.0,1884.0,3,11,43.0,-285.0,-8,-1
2006,20.0,1806.0,49.0,1644.0,0,3,-29.0,162.0,-3,1
2006,15.0,1847.0,46.0,1668.0,7,6,-31.0,179.0,1,1
2006,97.0,1438.0,2.0,2062.0,0,11,95.0,-624.0,-11,-1
2006,6.0,1977.0,14.0,1870.0,5,10,-8.0,107.0,-5,1
2006,5.0,1979.0,19.0,1817.0,13,12,-14.0,162.0,1,1
2006,7.0,1960.0,33.0,1759.0,11,1,-26.0,201.0,10,1
2006,10.0,1895.0,4.0,1991.0,3,7,6.0,-96.0,-4,1
2006,3.0,2020.0,30.0,1763.0,15,1,-27.0,257.0,14,1
2006,15.0,1847.0,20.0,1806.0,7,0,-5.0,41.0,7,0
2006,1.0,2081.0,34.0,1755.0,17,0,-33.0,326.0,17,1
2006,12.0,1884.0,2.0,2062.0,11,11,10.0,-178.0,0,-1
2006,6.0,1977.0,5.0,1979.0,5,13,1.0,-2.0,-8,0
2006,3.0,2020.0,20.0,1806.0,15,0,-17.0,214.0,15,1
2006,7.0,1960.0,10.0,1895.0,11,3,-3.0,65.0,8,0
2006,1.0,2081.0,2.0,2062.0,17,11,-1.0,19.0,6,-1
2006,6.0,1977.0,3.0,2020.0,5,15,3.0,-43.0,-10,-1
2006,10.0,1895.0,2.0,2062.0,3,11,8.0,-167.0,-8,-1
2006,6.0,1977.0,10.0,1895.0,5,3,-4.0,82.0,2,1
2006,3.0,2020.0,2.0,2062.0,15,11,1.0,-42.0,4,0
2010,58.0,1608.0,11.0,1846.0,2,13,47.0,-238.0,-11,0
2010,10.0,1892.0,17.0,1802.0,10,12,-7.0,90.0,-2,0
2010,30.0,1741.0,26.0,1750.0,7,1,4.0,-9.0,6,1
2010,5.0,1992.0,50.0,1653.0,14,3,-45.0,339.0,11,1
2010,6.0,1924.0,23.0,1768.0,12,8,-17.0,156.0,4,0
2010,98.0,1464.0,39.0,1694.0,2,1,59.0,-230.0,1,-1
2010,27.0,1743.0,28.0,1742.0,0,1,-1.0,1.0,-1,-1
2010,4.0,2067.0,22.0,1776.0,6,2,-18.0,291.0,4,1
2010,2.0,2105.0,32.0,1732.0,8,3,-30.0,373.0,5,1
2010,18.0,1787.0,51.0,1649.0,3,5,-33.0,138.0,-2,1
2010,12.0,1833.0,19.0,1785.0,16,7,-7.0,48.0,9,0
2010,69.0,1572.0,48.0,1657.0,1,0,21.0,-85.0,1,0
2010,35.0,1716.0,8.0,1897.0,1,4,27.0,-181.0,-3,0
2010,3.0,2095.0,80.0,1526.0,18,1,-77.0,569.0,17,1
2010,42.0,1677.0,9.0,1894.0,1,7,33.0,-217.0,-6,-1
2010,1.0,2116.0,25.0,1754.0,12,8,-24.0,362.0,4,-1
2010,58.0,1608.0,10.0,1892.0,2,10,48.0,-284.0,-8,-1
2010,5.0,1992.0,30.0,1741.0,14,7,-25.0,251.0,7,1
2010,26.0,1750.0,50.0,1653.0,1,3,-24.0,97.0,-2,1
2010,17.0,1802.0,11.0,1846.0,12,13,6.0,-44.0,-1,-1
2010,4.0,2067.0,27.0,1743.0,6,0,-23.0,324.0,6,-1
2010,39.0,1694.0,23.0,1768.0,1,8,16.0,-74.0,-7,0
2010,6.0,1924.0,98.0,1464.0,12,2,-92.0,460.0,10,0
2010,2.0,2105.0,18.0,1787.0,8,3,-16.0,318.0,5,1
2010,28.0,1742.0,22.0,1776.0,1,2,6.0,-34.0,-1,0
2010,51.0,1649.0,32.0,1732.0,5,3,19.0,-83.0,2,-1
2010,48.0,1657.0,19.0,1785.0,0,7,29.0,-128.0,-7,-1
2010,12.0,1833.0,69.0,1572.0,16,1,-57.0,261.0,15,0
2010,3.0,2095.0,35.0,1716.0,18,1,-32.0,379.0,17,1
2010,8.0,1897.0,80.0,1526.0,4,1,-72.0,371.0,3,1
2010,9.0,1894.0,25.0,1754.0,7,8,-16.0,140.0,-1,1
2010,1.0,2116.0,42.0,1677.0,12,1,-41.0,439.0,11,1
2010,17.0,1802.0,58.0,1608.0,12,2,-41.0,194.0,10,-1
2010,11.0,1846.0,10.0,1892.0,13,10,1.0,-46.0,3,-1
2010,26.0,1750.0,5.0,1992.0,1,14,21.0,-242.0,-13,-1
2010,50.0,1653.0,30.0,1741.0,3,7,20.0,-88.0,-4,0
2010,39.0,1694.0,6.0,1924.0,1,12,33.0,-230.0,-11,-1
2010,23.0,1768.0,98.0,1464.0,8,2,-75.0,304.0,6,1
2010,22.0,1776.0,27.0,1743.0,2,0,-5.0,33.0,2,1
2010,28.0,1742.0,4.0,2067.0,1,6,24.0,-325.0,-5,-1
2010,19.0,1785.0,69.0,1572.0,7,1,-50.0,213.0,6,0
2010,48.0,1657.0,12.0,1833.0,0,16,36.0,-176.0,-16,1
2010,51.0,1649.0,2.0,2105.0,5,8,49.0,-456.0,-3,-1
2010,32.0,1732.0,18.0,1787.0,3,3,14.0,-55.0,0,-1
2010,80.0,1526.0,35.0,1716.0,1,1,45.0,-190.0,0,-1
2010,8.0,1897.0,3.0,2095.0,4,18,5.0,-198.0,-14,0
2010,9.0,1894.0,1.0,2116.0,7,12,8.0,-222.0,-5,-1
2010,25.0,1754.0,42.0,1677.0,8,1,-17.0,77.0,7,0
2010,10.0,1892.0,30.0,1741.0,10,7,-20.0,151.0,3,1
2010,23.0,1768.0,28.0,1742.0,8,1,-5.0,26.0,7,-1
2010,4.0,2067.0,6.0,1924.0,6,12,-2.0,143.0,-6,1
2010,5.0,1992.0,11.0,1846.0,14,13,-6.0,146.0,1,1
2010,2.0,2105.0,48.0,1657.0,8,0,-46.0,448.0,8,1
2010,3.0,2095.0,9.0,1894.0,18,7,-6.0,201.0,11,1
2010,19.0,1785.0,18.0,1787.0,7,3,1.0,-2.0,4,0
2010,1.0,2116.0,8.0,1897.0,12,4,-7.0,219.0,8,1
2010,2.0,2105.0,3.0,2095.0,8,18,-1.0,10.0,-10,1
2010,10.0,1892.0,28.0,1742.0,10,1,-18.0,150.0,9,0
2010,5.0,1992.0,4.0,2067.0,14,6,1.0,-75.0,8,-1
2010,19.0,1785.0,1.0,2116.0,7,12,18.0,-331.0,-5,-1
2010,10.0,1892.0,2.0,2105.0,10,8,8.0,-213.0,2,-1
2010,4.0,2067.0,1.0,2116.0,6,12,3.0,-49.0,-6,-1
2010,10.0,1892.0,4.0,2067.0,10,6,6.0,-175.0,4,-1
2010,2.0,2105.0,1.0,2116.0,8,12,1.0,-11.0,-4,-1
2014,3.0,2042.0,17.0,1825.0,19,3,-14.0,217.0,16,1
2014,13.0,1892.0,51.0,1644.0,14,6,-38.0,248.0,8,1
2014,8.0,1954.0,4.0,2030.0,13,9,4.0,-76.0,4,-1
2014,7.0,1963.0,49.0,1653.0,8,3,-42.0,310.0,5,1
2014,5.0,2019.0,44.0,1672.0,4,2,-39.0,347.0,2,1
2014,11.0,1908.0,15.0,1866.0,11,3,-4.0,42.0,8,-1
2014,9.0,1924.0,14.0,1885.0,13,17,-5.0,39.0,-4,-1
2014,36.0,1690.0,29.0,1728.0,2,4,7.0,-38.0,-2,1
2014,21.0,1792.0,16.0,1847.0,9,2,5.0,-55.0,7,1
2014,6.0,1966.0,68.0,1552.0,13,2,-62.0,414.0,11,1
2014,2.0,2050.0,35.0,1710.0,15,0,-33.0,340.0,15,1
2014,1.0,2134.0,10.0,1910.0,7,5,-9.0,224.0,2,1
2014,44.0,1672.0,41.0,1678.0,3,4,3.0,-6.0,-1,0
2014,40.0,1683.0,19.0,1813.0,2,9,21.0,-130.0,-7,-1
2014,12.0,1899.0,42.0,1674.0,11,3,-30.0,225.0,8,1
2014,3.0,2042.0,13.0,1892.0,19,14,-10.0,150.0,5,0
2014,24.0,1779.0,54.0,1633.0,2,8,-30.0,146.0,-6,0
2014,49.0,1653.0,4.0,2030.0,3,9,45.0,-377.0,-6,-1
2014,8.0,1954.0,7.0,1963.0,13,8,1.0,-9.0,5,-1
2014,51.0,1644.0,17.0,1825.0,6,3,34.0,-181.0,3,-1
2014,5.0,2019.0,36.0,1690.0,4,2,-31.0,329.0,2,1
2014,11.0,1908.0,9.0,1924.0,11,13,2.0,-16.0,-2,1
2014,29.0,1728.0,44.0,1672.0,4,2,-15.0,56.0,2,0
2014,14.0,1885.0,15.0,1866.0,17,3,-1.0,19.0,14,-1
2014,21.0,1792.0,6.0,1966.0,9,13,15.0,-174.0,-4,-1
2014,68.0,1552.0,16.0,1847.0,2,2,52.0,-295.0,0,-1
2014,2.0,2050.0,44.0,1672.0,15,3,-42.0,378.0,12,1
2014,1.0,2134.0,40.0,1683.0,7,2,-39.0,451.0,5,0
2014,41.0,1678.0,35.0,1710.0,4,0,6.0,-32.0,4,1
2014,12.0,1899.0,24.0,1779.0,11,2,-12.0,120.0,9,1
2014,54.0,1633.0,42.0,1674.0,8,3,12.0,-41.0,5,-1
2014,19.0,1813.0,10.0,1910.0,9,5,9.0,-97.0,4,0
2014,49.0,1653.0,8.0,1954.0,3,13,41.0,-301.0,-10,-1
2014,4.0,2030.0,7.0,1963.0,9,8,-3.0,67.0,1,1
2014,51.0,1644.0,3.0,2042.0,6,19,48.0,-398.0,-13,-1
2014,17.0,1825.0,13.0,1892.0,3,14,4.0,-67.0,-11,-1
2014,15.0,1866.0,9.0,1924.0,3,13,6.0,-58.0,-10,0
2014,14.0,1885.0,11.0,1908.0,17,11,3.0,-23.0,6,-1
2014,29.0,1728.0,5.0,2019.0,4,4,24.0,-291.0,0,-1
2014,44.0,1672.0,36.0,1690.0,2,2,8.0,-18.0,0,1
2014,35.0,1710.0,44.0,1672.0,0,3,-9.0,38.0,-3,1
2014,41.0,1678.0,2.0,2050.0,4,15,39.0,-372.0,-11,-1
2014,68.0,1552.0,21.0,1792.0,2,9,47.0,-240.0,-7,-1
2014,16.0,1847.0,6.0,1966.0,2,13,10.0,-119.0,-11,0
2014,10.0,1910.0,40.0,1683.0,5,2,-30.0,227.0,3,1
2014,19.0,1813.0,1.0,2134.0,9,7,18.0,-321.0,2,-1
2014,42.0,1674.0,24.0,1779.0,3,2,18.0,-105.0,1,0
2014,54.0,1633.0,12.0,1899.0,8,11,42.0,-266.0,-3,-1
2014,3.0,2042.0,7.0,1963.0,19,8,-4.0,79.0,11,0
2014,5.0,2019.0,11.0,1908.0,4,11,-6.0,111.0,-7,1
2014,4.0,2030.0,13.0,1892.0,9,14,-9.0,138.0,-5,1
2014,15.0,1866.0,44.0,1672.0,3,2,-29.0,194.0,1,0
2014,6.0,1966.0,41.0,1678.0,13,4,-35.0,288.0,9,1
2014,1.0,2134.0,42.0,1674.0,7,3,-41.0,460.0,4,1
2014,2.0,2050.0,21.0,1792.0,15,9,-19.0,258.0,6,1
2014,12.0,1899.0,19.0,1813.0,11,9,-7.0,86.0,2,1
2014,6.0,1966.0,1.0,2134.0,13,7,5.0,-168.0,6,-1
2014,3.0,2042.0,5.0,2019.0,19,4,-2.0,23.0,15,1
2014,2.0,2050.0,12.0,1899.0,15,11,-10.0,151.0,4,1
2014,4.0,2030.0,15.0,1866.0,9,3,-11.0,164.0,6,0
2014,3.0,2042.0,1.0,2134.0,19,7,2.0,-92.0,12,-1
2014,4.0,2030.0,2.0,2050.0,9,15,2.0,-20.0,-6,0
2014,3.0,2042.0,4.0,2030.0,19,9,-1.0,12.0,10,-1
2014,1.0,2134.0,2.0,2050.0,7,15,-1.0,84.0,-8,1
2018,30.0,1753.0,62.0,1580.0,3,4,-32.0,173.0,-1,1
2018,53.0,1617.0,11.0,1923.0,2,12,42.0,-306.0,-10,-1
2018,37.0,1730.0,19.0,1823.0,4,4,18.0,-93.0,0,-1
2018,8.0,1959.0,4.0,2011.0,6,14,4.0,-52.0,-8,0
2018,2.0,2094.0,35.0,1735.0,14,4,-33.0,359.0,10,1
2018,13.0,1915.0,46.0,1669.0,16,0,-33.0,246.0,16,0
2018,16.0,1855.0,14.0,1898.0,4,4,2.0,-43.0,0,-1
2018,10.0,1925.0,42.0,1713.0,4,5,-32.0,212.0,-1,1
2018,40.0,1724.0,20.0,1808.0,4,1,20.0,-84.0,3,-1
2018,9.0,1938.0,22.0,1787.0,8,15,-13.0,151.0,-7,-1
2018,1.0,2136.0,12.0,1922.0,20,10,-11.0,214.0,10,0
2018,17.0,1851.0,23.0,1778.0,11,9,-6.0,73.0,2,1
2018,3.0,2035.0,65.0,1568.0,12,0,-62.0,467.0,12,1
2018,48.0,1650.0,7.0,1960.0,4,14,41.0,-310.0,-10,-1
2018,6.0,1961.0,36.0,1731.0,5,5,-30.0,230.0,0,-1
2018,32.0,1752.0,28.0,1758.0,7,1,4.0,-6.0,6,-1
2018,30.0,1753.0,53.0,1617.0,3,2,-23.0,136.0,1,1
2018,8.0,1959.0,37.0,1730.0,6,4,-29.0,229.0,2,1
2018,11.0,1923.0,62.0,1580.0,12,4,-51.0,343.0,8,1
2018,19.0,1823.0,4.0,2011.0,4,14,15.0,-188.0,-10,-1
2018,14.0,1898.0,35.0,1735.0,4,4,-21.0,163.0,0,0
2018,2.0,2094.0,16.0,1855.0,14,4,-14.0,239.0,10,1
2018,13.0,1915.0,10.0,1925.0,16,4,3.0,-10.0,12,-1
2018,1.0,2136.0,40.0,1724.0,20,4,-39.0,412.0,16,1
2018,42.0,1713.0,46.0,1669.0,5,0,-4.0,44.0,5,1
2018,20.0,1808.0,12.0,1922.0,1,10,8.0,-114.0,-9,-1
2018,3.0,2035.0,48.0,1650.0,12,4,-45.0,385.0,8,1
2018,23.0,1778.0,22.0,1787.0,9,15,1.0,-9.0,-6,-1
2018,9.0,1938.0,17.0,1851.0,8,11,-8.0,87.0,-3,1
2018,7.0,1960.0,65.0,1568.0,14,0,-58.0,392.0,14,1
2018,36.0,1731.0,28.0,1758.0,5,1,8.0,-27.0,4,0
2018,32.0,1752.0,6.0,1961.0,7,5,26.0,-209.0,2,-1
2018,62.0,1580.0,53.0,1617.0,4,2,9.0,-37.0,2,1
2018,11.0,1923.0,30.0,1753.0,12,3,-19.0,170.0,9,1
2018,4.0,2011.0,37.0,1730.0,14,4,-33.0,281.0,10,0
2018,19.0,1823.0,8.0,1959.0,4,6,11.0,-136.0,-2,0
2018,35.0,1735.0,16.0,1855.0,4,4,19.0,-120.0,0,-1
2018,14.0,1898.0,2.0,2094.0,4,14,12.0,-196.0,-10,0
2018,46.0,1669.0,10.0,1925.0,0,4,36.0,-256.0,-4,-1
2018,42.0,1713.0,13.0,1915.0,5,16,29.0,-202.0,-11,-1
2018,23.0,1778.0,9.0,1938.0,9,8,14.0,-160.0,1,1
2018,22.0,1787.0,17.0,1851.0,15,11,5.0,-64.0,4,-1
2018,20.0,1808.0,1.0,2136.0,1,20,19.0,-328.0,-19,-1
2018,12.0,1922.0,40.0,1724.0,10,4,-28.0,198.0,6,0
2018,36.0,1731.0,32.0,1752.0,5,7,4.0,-21.0,-2,-1
2018,28.0,1758.0,6.0,1961.0,1,5,22.0,-203.0,-4,-1
2018,7.0,1960.0,3.0,2035.0,14,12,4.0,-75.0,2,-1
2018,65.0,1568.0,48.0,1650.0,0,4,17.0,-82.0,-4,-1
2018,2.0,2094.0,13.0,1915.0,14,16,-11.0,179.0,-2,1
2018,11.0,1923.0,8.0,1959.0,12,6,3.0,-36.0,6,1
2018,4.0,2011.0,30.0,1753.0,14,3,-26.0,258.0,11,0
2018,10.0,1925.0,14.0,1898.0,4,4,-4.0,27.0,0,0
2018,1.0,2136.0,22.0,1787.0,20,15,-21.0,349.0,5,1
2018,3.0,2035.0,36.0,1731.0,12,5,-33.0,304.0,7,1
2018,17.0,1851.0,12.0,1922.0,11,10,5.0,-71.0,1,1
2018,6.0,1961.0,7.0,1960.0,5,14,-1.0,1.0,-9,0
2018,11.0,1923.0,2.0,2094.0,12,14,9.0,-171.0,-2,-1
2018,1.0,2136.0,3.0,2035.0,20,12,-2.0,101.0,8,-1
2018,17.0,1851.0,7.0,1960.0,11,14,10.0,-109.0,-3,-1
2018,30.0,1753.0,10.0,1925.0,3,4,20.0,-172.0,-1,0
2018,2.0,2094.0,3.0,2035.0,14,12,-1.0,59.0,2,1
2018,10.0,1925.0,7.0,1960.0,4,14,3.0,-35.0,-10,1
2018,3.0,2035.0,7.0,1960.0,12,14,-4.0,75.0,-2,1
2018,2.0,2094.0,10.0,1925.0,14,4,-8.0,169.0,10,1
